Family,Genus,Species,Sex,TOL,SVL,TRL,AGS,HL,HW,IOD,ED,EN,UEW,IND,SL,TL,TW,TH,TAH,MTAW,FLL,HLL,F2L,F3L,T3L,T5L,SF,VL,ELL,SG
Ambystomatidae,Ambystoma,Ambystoma amblycephalum,F,NA,82.5,NA,NA,15.83333333,18.16666667,NA,NA,NA,NA,NA,NA,59.33333333,NA,NA,NA,NA,NA,30.1,NA,NA,NA,NA,28.33333333,NA,NA,NA
Ambystomatidae,Ambystoma,Ambystoma andersoni,M,214,125,NA,59,40,NA,NA,NA,NA,NA,NA,NA,NA,NA,NA,NA,NA,NA,NA,NA,NA,NA,NA,NA,NA,NA,NA
Ambystomatidae,Ambystoma,Ambystoma barbouri,F,NA,82,NA,NA,NA,NA,NA,NA,NA,NA,3.6,NA,58,NA,NA,NA,NA,NA,NA,NA,NA,NA,NA,NA,NA,NA,NA
Ambystomatidae,Ambystoma,Ambystoma bombypellum,F,NA,74,NA,33,18.6,NA,NA,NA,NA,2.1,5.05,7.1,56.65,NA,NA,NA,NA,23.3,25.7,NA,NA,NA,NA,26,NA,NA,NA
Ambystomatidae,Ambystoma,Ambystoma dumerilii,NA,NA,125.5,NA,62.5,47,37,16,NA,NA,NA,9.5,NA,99.5,NA,NA,NA,NA,43,42,NA,NA,NA,NA,NA,NA,NA,NA
Ambystomatidae,Ambystoma,Ambystoma lermaense,F,NA,100.35,NA,55.5,25.15,25.75,NA,NA,NA,NA,NA,NA,77.65,NA,26.5,NA,NA,33.25,32.25,NA,NA,NA,NA,35,NA,NA,NA
Ambystomatidae,Ambystoma,Ambystoma lermaense,M,NA,131,NA,55.83333333,28.83333333,30.96666667,NA,NA,NA,NA,NA,NA,108,NA,31.33333333,NA,NA,34.8,43.6,NA,NA,NA,NA,45.46666667,NA,NA,NA
Ambystomatidae,Ambystoma,Ambystoma mexicanum,F,NA,125,NA,62,45,37,NA,NA,NA,NA,NA,NA,85,NA,NA,NA,NA,38,38,NA,NA,NA,NA,45,NA,NA,NA
Ambystomatidae,Ambystoma,Ambystoma mexicanum,M,NA,132,NA,58,44.4,33,NA,NA,NA,NA,NA,NA,95,NA,NA,NA,NA,36,40,NA,NA,NA,NA,43,NA,NA,NA
Ambystomatidae,Ambystoma,Ambystoma ordinarium,M,NA,68.7,NA,28.2,19,15,NA,NA,NA,NA,NA,NA,60,NA,NA,NA,NA,24,24,NA,NA,NA,NA,21.5,NA,NA,NA
Ambystomatidae,Ambystoma,Ambystoma ordinarium,F,NA,83.25,NA,37.75,22.6,17.9,NA,NA,NA,NA,NA,NA,73.55,NA,NA,NA,NA,25.1,27.1,NA,NA,NA,NA,27.35,NA,NA,NA
Amphiumidae,Amphiuma,Amphiuma pholeter,NA,271,NA,NA,NA,17.3,10,NA,NA,NA,NA,NA,NA,63,NA,NA,NA,NA,2.4,2,NA,NA,NA,NA,NA,NA,NA,NA
Cryptobranchidae,Andrias,Andrias davidianus,F,582.1,383,NA,NA,88.5,85.4,42.4,4.9,NA,NA,16.7,NA,198.5,41.7,51.6,NA,NA,63.9,76.4,NA,NA,NA,NA,NA,NA,NA,NA
Cryptobranchidae,Andrias,Andrias davidianus,M,834.4,532.5,NA,NA,141.5,129,58.5,5.5,NA,NA,20.1,NA,302,67,80,NA,NA,87,112.5,NA,NA,NA,NA,NA,NA,NA,NA
Plethodontidae,Aneides,Aneides flavipunctatus,F,NA,71.2,NA,NA,NA,10.8,NA,NA,NA,NA,NA,NA,61.944,NA,NA,NA,NA,NA,NA,NA,NA,NA,NA,NA,NA,NA,NA
Plethodontidae,Aneides,Aneides flavipunctatus,M,NA,72.8,NA,NA,NA,11.9,NA,NA,NA,NA,NA,NA,68.432,NA,NA,NA,NA,NA,NA,NA,NA,NA,NA,NA,NA,NA,NA
Plethodontidae,Aneides,Aneides iecanus,F,NA,70.1,NA,NA,NA,10,NA,NA,NA,NA,NA,NA,54.678,NA,NA,NA,NA,NA,NA,NA,NA,NA,NA,NA,NA,NA,NA
Plethodontidae,Aneides,Aneides iecanus,M,NA,75.8,NA,NA,NA,12.5,NA,NA,NA,NA,NA,NA,64.43,NA,NA,NA,NA,NA,NA,NA,NA,NA,NA,NA,NA,NA,NA
Plethodontidae,Aneides,Aneides klamathensis,M,NA,78.7,NA,42.8,NA,12,5.5,3.4,3.4,2.3,3,4.8,50.7,5.6,NA,5.5,NA,15.9,18.5,NA,NA,3.7,2.4,22.4,8.7,3.6,15.7
Plethodontidae,Aneides,Aneides niger,F,NA,68.6,NA,NA,NA,10.2,NA,NA,NA,NA,NA,NA,54.88,NA,NA,NA,NA,NA,NA,NA,NA,NA,NA,NA,NA,NA,NA
Plethodontidae,Aneides,Aneides niger,M,NA,69.2,NA,NA,NA,12.9,NA,NA,NA,NA,NA,NA,55.36,NA,NA,NA,NA,NA,NA,NA,NA,NA,NA,NA,NA,NA,NA
Hynobiidae,Batrachuperus,Batrachuperus daochengensis,F,NA,96.22857143,NA,NA,24.12857143,17.4,NA,NA,NA,NA,NA,NA,80.27142857,NA,11.71428571,NA,NA,NA,NA,NA,NA,NA,NA,NA,NA,NA,NA
Hynobiidae,Batrachuperus,Batrachuperus daochengensis,M,NA,103.4,NA,NA,26.56666667,19.86666667,NA,NA,NA,NA,NA,NA,96.73333333,NA,14.13333333,NA,NA,NA,NA,NA,NA,NA,NA,NA,NA,NA,NA
Hynobiidae,Batrachuperus,Batrachuperus londongensis,M,NA,98.6,NA,45.9,24.4,17.5,5.9,5.2,NA,NA,7.7,NA,91.8,12.5,12.6,NA,NA,NA,NA,NA,NA,NA,NA,NA,NA,NA,NA
Hynobiidae,Batrachuperus,Batrachuperus londongensis,F,NA,96.7,NA,42.2,22.5,17.4,5,5.2,NA,NA,6.9,NA,86,12.9,13.2,NA,NA,NA,NA,NA,NA,NA,NA,NA,NA,NA,NA
Hynobiidae,Batrachuperus,Batrachuperus pinchonii,M,130,70.5,53.4,31.9,16.9,12.8,NA,6,NA,NA,NA,5.6,59.7,7.9,NA,NA,NA,18.6,NA,NA,NA,NA,NA,NA,NA,NA,NA
Hynobiidae,Batrachuperus,Batrachuperus pinchonii,F,119.4,66.4,52.7,33,15,11.7,NA,4.9,NA,NA,NA,5.2,53.5,7,NA,NA,NA,18.1,NA,NA,NA,NA,NA,NA,NA,NA,NA
Hynobiidae,Batrachuperus,Batrachuperus tibetanus,F,181.4,92.8,NA,45.1,19.5,19.3,4.1,4.6,NA,NA,NA,NA,88.6,10.9,10.7,NA,NA,21.6,26,NA,NA,NA,NA,NA,NA,NA,NA
Hynobiidae,Batrachuperus,Batrachuperus tibetanus,M,193,94.5,NA,43.2,21.1,20.7,4.6,4.6,NA,NA,NA,NA,99,11.9,10.5,NA,NA,23.9,27.4,NA,NA,NA,NA,NA,NA,NA,NA
Hynobiidae,Batrachuperus,Batrachuperus yenyuanensis,F,153.5,74.8,NA,NA,17.7,12.9,NA,4.3,NA,NA,NA,NA,79.9,5.4,9.4,NA,NA,22,24,NA,NA,NA,NA,NA,NA,NA,NA
Hynobiidae,Batrachuperus,Batrachuperus yenyuanensis,M,180.3,82.8,NA,NA,20.3,15,NA,4.6,NA,NA,NA,NA,98.6,6.6,11.3,NA,NA,25,26.4,NA,NA,NA,NA,NA,NA,NA,NA
Plethodontidae,Bolitoglossa,Bolitoglossa adspersa,F,NA,54.7,NA,30.6,11.9,8.2,NA,NA,NA,NA,NA,NA,NA,NA,NA,NA,NA,NA,NA,NA,NA,NA,NA,NA,NA,NA,NA
Plethodontidae,Bolitoglossa,Bolitoglossa adspersa,M,NA,49.7,NA,26.7,12.5,7.7,NA,NA,NA,NA,NA,NA,NA,NA,NA,NA,NA,NA,NA,NA,NA,NA,NA,NA,NA,NA,NA
Plethodontidae,Bolitoglossa,Bolitoglossa altamazonica,F,NA,43.8,NA,24.6,5.8,5.5,2.8,1.8,NA,1.3,1.8,2.4,NA,NA,NA,NA,NA,9.5,10,NA,2.6,2.7,NA,NA,2.8,2.8,9.6
Plethodontidae,Bolitoglossa,Bolitoglossa altamazonica,J,NA,29.9,NA,NA,4.3,4.5,NA,1.6,NA,NA,NA,1.8,21.1,NA,NA,NA,NA,NA,NA,NA,2,2.3,NA,NA,NA,NA,NA
Plethodontidae,Bolitoglossa,Bolitoglossa altamazonica,M,NA,38,NA,23.6,5.5,5.7,2.8,1.6,NA,1.4,1.9,2.2,NA,NA,NA,NA,NA,8.4,9,NA,2.2,2.4,NA,NA,2.6,2.6,9.3
Plethodontidae,Bolitoglossa,Bolitoglossa aureogularis,M,NA,34.8,NA,18,NA,NA,NA,NA,NA,NA,NA,NA,NA,NA,NA,NA,NA,7.3,7.6,NA,NA,1,NA,NA,NA,NA,8.1
Plethodontidae,Bolitoglossa,Bolitoglossa aureogularis,F,NA,48.8,NA,26,NA,NA,NA,NA,NA,NA,NA,NA,36.2,NA,NA,NA,NA,9.3,10.2,NA,NA,1,NA,NA,NA,NA,10
Plethodontidae,Bolitoglossa,Bolitoglossa awajun,F,NA,41.4,NA,21.8,6,5.9,2.7,1.9,NA,1.3,1.8,2,NA,NA,NA,NA,NA,9.7,10.4,NA,2.3,2.7,NA,NA,3.2,2.9,9.8
Plethodontidae,Bolitoglossa,Bolitoglossa awajun,M,NA,37.7,NA,22.3,5.8,5.7,2.6,1.9,NA,1.3,2.1,1.9,NA,NA,NA,NA,NA,9.3,9.7,NA,2.1,2.4,NA,NA,2.9,2.9,8.9
Plethodontidae,Bolitoglossa,Bolitoglossa biseriata,M,NA,36.7,NA,21.9,8.4,6,NA,NA,NA,NA,NA,NA,NA,NA,NA,NA,NA,NA,NA,NA,NA,NA,NA,NA,NA,NA,NA
Plethodontidae,Bolitoglossa,Bolitoglossa biseriata,F,NA,48.7,NA,27.3,10.2,7.2,NA,NA,NA,NA,NA,NA,NA,NA,NA,NA,NA,NA,NA,NA,NA,NA,NA,NA,NA,NA,NA
Plethodontidae,Bolitoglossa,Bolitoglossa borburata,M,NA,44,NA,24.3,10.4,7.4,NA,NA,NA,NA,NA,NA,NA,NA,NA,NA,NA,NA,NA,NA,NA,NA,NA,NA,NA,NA,NA
Plethodontidae,Bolitoglossa,Bolitoglossa borburata,F,NA,54.8,NA,29.9,12.3,8.7,NA,NA,NA,NA,NA,NA,NA,NA,NA,NA,NA,NA,NA,NA,NA,NA,NA,NA,NA,NA,NA
Plethodontidae,Bolitoglossa,Bolitoglossa caldwellae,M,NA,35.2,NA,NA,5.2,5.3,NA,2,NA,NA,NA,1.9,24.7,NA,NA,NA,NA,NA,NA,NA,2.1,2.4,NA,NA,NA,NA,NA
Plethodontidae,Bolitoglossa,Bolitoglossa caldwellae,F,NA,34.8,NA,NA,5.1,5.3,NA,1.9,NA,NA,NA,1.8,25.4,NA,NA,NA,NA,NA,NA,NA,2.1,2.4,NA,NA,NA,NA,NA
Plethodontidae,Bolitoglossa,Bolitoglossa capitana,M,NA,64.4,NA,35.7,13.4,9.6,NA,NA,NA,NA,NA,NA,NA,NA,NA,NA,NA,NA,NA,NA,NA,NA,NA,NA,NA,NA,NA
Plethodontidae,Bolitoglossa,Bolitoglossa capitana,F,NA,84.9,NA,48.1,18.3,12,NA,NA,NA,NA,NA,NA,NA,NA,NA,NA,NA,NA,NA,NA,NA,NA,NA,NA,NA,NA,NA
Plethodontidae,Bolitoglossa,Bolitoglossa chica,F,NA,38.7,NA,21.1,7.7,5.9,NA,NA,NA,NA,NA,NA,NA,NA,NA,NA,NA,NA,NA,NA,NA,NA,NA,NA,NA,NA,NA
Plethodontidae,Bolitoglossa,Bolitoglossa chica,M,NA,40.3,NA,21.9,8.7,6.3,NA,NA,NA,NA,NA,NA,NA,NA,NA,NA,NA,NA,NA,NA,NA,NA,NA,NA,NA,NA,NA
Plethodontidae,Bolitoglossa,Bolitoglossa compacta,F,NA,75.8,NA,42,NA,NA,NA,NA,NA,NA,NA,NA,68,NA,NA,NA,NA,17.6,20.4,NA,NA,3,NA,NA,NA,NA,16
Plethodontidae,Bolitoglossa,Bolitoglossa digitigrada,M,NA,35.6,NA,19.4,7.6,6.4,NA,NA,NA,NA,NA,NA,NA,NA,NA,NA,NA,NA,NA,NA,NA,NA,NA,NA,NA,NA,NA
Plethodontidae,Bolitoglossa,Bolitoglossa digitigrada,F,NA,39.3,NA,21,8,6.5,NA,NA,NA,NA,NA,NA,NA,NA,NA,NA,NA,NA,NA,NA,NA,NA,NA,NA,NA,NA,NA
Plethodontidae,Bolitoglossa,Bolitoglossa equatoriana,M,NA,41.5,NA,21.9,10.7,7.1,NA,NA,NA,NA,NA,NA,NA,NA,NA,NA,NA,NA,NA,NA,NA,NA,NA,NA,NA,NA,NA
Plethodontidae,Bolitoglossa,Bolitoglossa equatoriana,F,NA,41.6,NA,22.5,10,6.8,NA,NA,NA,NA,NA,NA,NA,NA,NA,NA,NA,NA,NA,NA,NA,NA,NA,NA,NA,NA,NA
Plethodontidae,Bolitoglossa,Bolitoglossa guaramacalensis,F,NA,69.4,NA,38.3,14.6,9.8,2.9,NA,NA,1.8,NA,2.9,63.3,5.2,NA,5.8,NA,NA,NA,NA,NA,NA,NA,NA,NA,NA,NA
Plethodontidae,Bolitoglossa,Bolitoglossa hiemalis,M,NA,37.4,NA,19.6,NA,4.8,NA,NA,NA,NA,NA,NA,NA,NA,NA,NA,NA,NA,NA,NA,NA,NA,NA,NA,NA,NA,NA
Plethodontidae,Bolitoglossa,Bolitoglossa hiemalis,F,NA,44.9,NA,25.2,8.5,5.9,NA,NA,NA,NA,NA,NA,NA,NA,NA,NA,NA,NA,NA,NA,NA,NA,NA,NA,NA,NA,NA
Plethodontidae,Bolitoglossa,Bolitoglossa hypacra,F,NA,62.8,NA,34,14,8.7,NA,NA,NA,NA,NA,NA,NA,NA,NA,NA,NA,NA,NA,NA,NA,NA,NA,NA,NA,NA,NA
Plethodontidae,Bolitoglossa,Bolitoglossa indio,F,NA,46.8,NA,24.5,11.3,7.7,2.7,2.5,NA,1.9,2.6,3.5,34.8,4.3,NA,4.3,NA,10.4,10.9,NA,NA,NA,NA,13.3,NA,3.5,NA
Plethodontidae,Bolitoglossa,Bolitoglossa insularis,F,NA,64.7,NA,38.2,14,9.1,NA,NA,NA,2.2,3.4,3.6,55.9,5.8,NA,5.8,NA,12.7,13.2,NA,NA,NA,NA,18.1,NA,4.1,NA
Plethodontidae,Bolitoglossa,Bolitoglossa kamuk,M,NA,34.8,NA,19,NA,NA,NA,NA,NA,NA,NA,NA,NA,NA,NA,NA,NA,9,9.3,NA,NA,1,NA,NA,NA,NA,8.5
Plethodontidae,Bolitoglossa,Bolitoglossa leandrae,M,NA,31.1,NA,19.5,7.7,5.6,2.8,1.1,NA,1,NA,NA,25.3,3.8,NA,NA,NA,5.2,5.9,NA,NA,NA,NA,NA,NA,NA,7.1
Plethodontidae,Bolitoglossa,Bolitoglossa leandrae,F,NA,39.2,NA,23.4,9.2,6.3,NA,NA,NA,NA,NA,NA,NA,NA,NA,NA,NA,NA,NA,NA,NA,NA,NA,NA,NA,NA,NA
Plethodontidae,Bolitoglossa,Bolitoglossa lozanoi,F,NA,55.9,NA,NA,NA,NA,NA,NA,NA,NA,NA,NA,NA,NA,NA,NA,NA,NA,NA,NA,NA,NA,NA,NA,NA,NA,NA
Plethodontidae,Bolitoglossa,Bolitoglossa lozanoi,M,NA,51.6,NA,NA,NA,NA,NA,NA,NA,NA,NA,NA,NA,NA,NA,NA,NA,NA,NA,NA,NA,NA,NA,NA,NA,NA,NA
Plethodontidae,Bolitoglossa,Bolitoglossa madeira,F,NA,54.4,NA,NA,8,6.9,NA,2.1,NA,NA,NA,2.7,45.6,NA,NA,NA,NA,NA,NA,NA,3.3,3.7,NA,NA,NA,NA,NA
Plethodontidae,Bolitoglossa,Bolitoglossa medemi,F,NA,43.3,NA,23.3,11.1,7.3,NA,NA,NA,NA,NA,NA,NA,NA,NA,NA,NA,NA,NA,NA,NA,NA,NA,NA,NA,NA,NA
Plethodontidae,Bolitoglossa,Bolitoglossa medemi,M,NA,40.4,NA,20.9,10.9,6.9,NA,NA,NA,NA,NA,NA,NA,NA,NA,NA,NA,NA,NA,NA,NA,NA,NA,NA,NA,NA,NA
Plethodontidae,Bolitoglossa,Bolitoglossa nicefori,M,NA,46.8,NA,23.7,10.9,8.7,NA,NA,NA,NA,NA,NA,NA,NA,NA,NA,NA,NA,NA,NA,NA,NA,NA,NA,NA,NA,NA
Plethodontidae,Bolitoglossa,Bolitoglossa nicefori,F,NA,59.3,NA,NA,NA,NA,NA,NA,NA,NA,NA,NA,NA,NA,NA,NA,NA,NA,NA,NA,NA,NA,NA,NA,NA,NA,NA
Plethodontidae,Bolitoglossa,Bolitoglossa orestes,F,NA,42.2,NA,23.5,7,5.9,NA,NA,NA,NA,NA,NA,NA,NA,NA,NA,NA,NA,NA,NA,NA,NA,NA,NA,NA,NA,NA
Plethodontidae,Bolitoglossa,Bolitoglossa orestes,M,NA,37.7,NA,19.9,7.6,5.6,NA,NA,NA,NA,NA,NA,NA,NA,NA,NA,NA,NA,NA,NA,NA,NA,NA,NA,NA,NA,NA
Plethodontidae,Bolitoglossa,Bolitoglossa pandi,F,NA,50.4,NA,28.6,11,7.8,NA,NA,NA,NA,NA,NA,NA,NA,NA,NA,NA,NA,NA,NA,NA,NA,NA,NA,NA,NA,NA
Plethodontidae,Bolitoglossa,Bolitoglossa peruviana,F,NA,38.7,NA,22,5.8,5.7,2.7,2,NA,1.3,1.7,1.9,NA,NA,NA,NA,NA,8.7,9.2,NA,2.2,2.5,NA,NA,2.7,2.7,9.1
Plethodontidae,Bolitoglossa,Bolitoglossa peruviana,M,NA,37.3,NA,18.4,5.3,5.5,2.7,1.8,NA,1.3,1.8,2.2,NA,NA,NA,NA,NA,8.5,8.1,NA,2,2.1,NA,NA,3.9,2.6,8.1
Plethodontidae,Bolitoglossa,Bolitoglossa phalarosoma,F,NA,55.8,NA,NA,NA,NA,NA,NA,NA,NA,NA,NA,NA,NA,NA,NA,NA,NA,NA,NA,NA,NA,NA,NA,NA,NA,NA
Plethodontidae,Bolitoglossa,Bolitoglossa pygmaea,F,NA,33.7,NA,18.2,8.2,5.3,3.2,NA,NA,1.2,1.3,NA,18.2,1.6,NA,2.4,NA,7.4,7.2,NA,NA,1.1,0.8,10.3,NA,2.1,8.2
Plethodontidae,Bolitoglossa,Bolitoglossa ramosi,M,NA,40.4,NA,21.3,10.2,6.9,NA,NA,NA,NA,NA,NA,NA,NA,NA,NA,NA,NA,NA,NA,NA,NA,NA,NA,NA,NA,NA
Plethodontidae,Bolitoglossa,Bolitoglossa ramosi,F,NA,42,NA,22.1,10,7.2,NA,NA,NA,NA,NA,NA,NA,NA,NA,NA,NA,NA,NA,NA,NA,NA,NA,NA,NA,NA,NA
Plethodontidae,Bolitoglossa,Bolitoglossa robinsoni,M,NA,51.5,NA,28,NA,NA,NA,NA,NA,NA,NA,NA,63.8,NA,NA,NA,NA,15.4,16.5,NA,NA,3,NA,NA,NA,NA,14
Plethodontidae,Bolitoglossa,Bolitoglossa savagei,F,NA,48.8,NA,27.1,10.8,7.5,NA,NA,NA,NA,NA,NA,NA,NA,NA,NA,NA,NA,NA,NA,NA,NA,NA,NA,NA,NA,NA
Plethodontidae,Bolitoglossa,Bolitoglossa savagei,M,NA,43.7,NA,24.2,10.6,7.1,NA,NA,NA,NA,NA,NA,NA,NA,NA,NA,NA,NA,NA,NA,NA,NA,NA,NA,NA,NA,NA
Plethodontidae,Bolitoglossa,Bolitoglossa silverstonei,M,NA,49.3,NA,27,10.8,7.8,NA,NA,NA,NA,NA,NA,NA,NA,NA,NA,NA,NA,NA,NA,NA,NA,NA,NA,NA,NA,NA
Plethodontidae,Bolitoglossa,Bolitoglossa splendida,F,NA,47.8,NA,25,NA,NA,NA,NA,NA,NA,NA,NA,NA,NA,NA,NA,NA,11.1,11.1,NA,NA,1,NA,NA,NA,NA,12
Plethodontidae,Bolitoglossa,Bolitoglossa tamaense,F,NA,39.2,NA,23.4,6.3,9.2,NA,NA,NA,NA,NA,NA,NA,NA,NA,NA,NA,NA,NA,NA,NA,NA,NA,NA,NA,NA,NA
Plethodontidae,Bolitoglossa,Bolitoglossa tamaense,M,NA,40.3,NA,25.7,NA,7.5,3.1,2.4,NA,1.6,NA,5.6,43.2,4.6,NA,NA,NA,7,10.4,NA,NA,NA,NA,NA,NA,NA,10.5
Plethodontidae,Bolitoglossa,Bolitoglossa tapajonica,F,NA,41.5,NA,NA,5.5,5.5,NA,1.9,NA,NA,NA,2.2,33.4,NA,NA,NA,NA,NA,NA,NA,2.4,2.7,NA,NA,NA,NA,NA
Plethodontidae,Bolitoglossa,Bolitoglossa tapajonica,M,NA,41.4,NA,NA,6.2,5.7,NA,2.3,NA,NA,NA,2.1,31.9,NA,NA,NA,NA,NA,NA,NA,2.7,3.2,NA,NA,NA,NA,NA
Plethodontidae,Bolitoglossa,Bolitoglossa tatamae,F,NA,71.9,NA,NA,10.8,11.4,NA,3.3,NA,NA,NA,4.4,71.1,NA,NA,6.3,NA,NA,NA,NA,NA,NA,NA,NA,NA,NA,NA
Plethodontidae,Bolitoglossa,Bolitoglossa vallecula,F,NA,51.9,NA,28.7,11.4,7.6,NA,NA,NA,NA,NA,NA,NA,NA,NA,NA,NA,NA,NA,NA,NA,NA,NA,NA,NA,NA,NA
Plethodontidae,Bolitoglossa,Bolitoglossa vallecula,M,NA,44.9,NA,23.7,11.2,7,NA,NA,NA,NA,NA,NA,NA,NA,NA,NA,NA,NA,NA,NA,NA,NA,NA,NA,NA,NA,NA
Plethodontidae,Bolitoglossa,Bolitoglossa walkeri,F,NA,40.2,NA,22.3,8.9,6.3,NA,NA,NA,NA,NA,NA,NA,NA,NA,NA,NA,NA,NA,NA,NA,NA,NA,NA,NA,NA,NA
Plethodontidae,Bolitoglossa,Bolitoglossa walkeri,M,NA,40.2,NA,21.3,10.2,6.4,NA,NA,NA,NA,NA,NA,NA,NA,NA,NA,NA,NA,NA,NA,NA,NA,NA,NA,NA,NA,NA
Salamandridae,Calotriton,Calotriton arnoldi,F,NA,60.81,NA,27.44,15.03,NA,4.84,NA,NA,NA,2.5,4.6,49.35,3.95,NA,NA,NA,15.2,17.2,NA,NA,NA,NA,NA,NA,NA,NA
Salamandridae,Calotriton,Calotriton arnoldi,M,NA,59.7,NA,26.92,15.72,NA,5,NA,NA,NA,2.53,4.8,41.3,4.46,NA,NA,NA,15.55,17.98,NA,NA,NA,NA,NA,NA,NA,NA
Salamandridae,Chioglossa,Chioglossa lusitanica,F,NA,44.50833333,NA,NA,10.23333333,6.908333333,NA,NA,NA,NA,NA,NA,NA,NA,NA,NA,NA,10.18333333,12.60416667,NA,2.6125,NA,NA,NA,NA,NA,NA
Salamandridae,Chioglossa,Chioglossa lusitanica,M,NA,43.37333333,NA,NA,9.993333333,6.99,NA,NA,NA,NA,NA,NA,NA,NA,NA,NA,NA,10.51333333,12.61666667,NA,2.68,NA,NA,NA,NA,NA,NA
Salamandridae,Cynops,Cynops chenggongensis,F,97.6,43.7,NA,29,11,10.5,4.1,3.1,NA,NA,NA,3,42.4,5.5,7.5,NA,NA,NA,NA,NA,NA,NA,NA,NA,NA,NA,NA
Salamandridae,Cynops,Cynops chenggongensis,M,85.9,38.7,NA,24.5,10.2,9.7,4,3,NA,NA,NA,2.9,36.3,5.1,7.1,NA,NA,NA,NA,NA,NA,NA,NA,NA,NA,NA,NA
Salamandridae,Cynops,Cynops cyanurus,M,78,43.1,NA,23.5,9.4,9.1,3.2,3.1,NA,NA,NA,3.9,34.2,4.1,6.9,NA,2.1,NA,NA,NA,NA,NA,NA,NA,NA,NA,NA
Salamandridae,Cynops,Cynops cyanurus,F,87.3,47.9,NA,27.3,10.8,9.5,3.7,3.3,NA,NA,NA,4,39.4,3.9,6.9,NA,2.2,NA,NA,NA,NA,NA,NA,NA,NA,NA,NA
Salamandridae,Cynops,Cynops fudingensis,F,86.8,44.1,NA,21.6,13.6,9,5.5,NA,3.4,NA,2.4,NA,40.1,NA,NA,NA,NA,14.7,15.7,NA,NA,NA,NA,NA,NA,NA,NA
Salamandridae,Cynops,Cynops fudingensis,M,75.2,39.8,NA,18.3,12.8,8.5,5.1,NA,3.3,NA,2.5,NA,32.1,NA,NA,NA,NA,14.2,14.8,NA,NA,NA,NA,NA,NA,NA,NA
Salamandridae,Cynops,Cynops glaucus,F,89.67,45.72,NA,22.53,14.35,NA,5.76,NA,2.76,NA,2.9,NA,39.35,NA,NA,NA,NA,14.67,15.8,NA,NA,NA,NA,NA,NA,NA,NA
Salamandridae,Cynops,Cynops glaucus,M,69.28,35.72,NA,17.24,12.26,NA,4.9,NA,2.52,NA,2.67,NA,28.95,NA,NA,NA,NA,13.2,13.69,NA,NA,NA,NA,NA,NA,NA,NA
Salamandridae,Cynops,Cynops orientalis,F,79.6,47.6,NA,23.6,10.8,7.8,2.9,NA,NA,NA,NA,NA,36,NA,5.8,NA,NA,NA,NA,NA,NA,NA,NA,NA,NA,NA,NA
Salamandridae,Cynops,Cynops orientalis,M,65.6,39.8,NA,19,10.1,7.6,2.9,NA,NA,NA,NA,NA,29.6,NA,5.6,NA,NA,NA,NA,NA,NA,NA,NA,NA,NA,NA,NA
Salamandridae,Cynops,Cynops orphicus,NA,74,46,NA,NA,NA,NA,NA,NA,NA,NA,NA,NA,NA,NA,NA,NA,NA,NA,NA,NA,NA,NA,NA,NA,NA,NA,NA
Salamandridae,Cynops,Cynops wolterstorffi,M,112.8,57.6,NA,NA,15.5,11.5,NA,4,NA,NA,NA,5.1,55.7,7.6,9.7,NA,NA,NA,NA,NA,NA,NA,NA,NA,NA,NA,NA
Salamandridae,Cynops,Cynops wolterstorffi,F,132.5,68.8,NA,NA,18.9,16,NA,3.9,NA,NA,NA,5.5,61.1,8.7,10.9,NA,NA,NA,NA,NA,NA,NA,NA,NA,NA,NA,NA
Plethodontidae,Desmognathus,Desmognathus abditus,M,NA,38,NA,NA,9.1,5.7,NA,NA,NA,NA,NA,NA,39,3.5,NA,2.7,NA,7.2,9.8,0.89,1.44,2.31,1.51,NA,NA,NA,NA
Plethodontidae,Desmognathus,Desmognathus organi,M,NA,27.4,NA,NA,NA,NA,NA,NA,NA,NA,NA,NA,16.4,NA,NA,NA,NA,NA,NA,NA,NA,NA,NA,NA,NA,NA,NA
Ambystomatidae,Dicamptodon,Dicamptodon copei,M,NA,92.5,NA,46,26.4,16.4,NA,3,3.9,NA,NA,NA,67.7,NA,NA,NA,NA,22.5,26.8,NA,NA,NA,NA,NA,4.1,NA,NA
Salamandridae,Echinotriton,Echinotriton andersoni,F,142,NA,49,NA,20,19,NA,NA,NA,NA,NA,NA,73,NA,5,NA,NA,21,23,NA,NA,NA,NA,NA,NA,NA,NA
Salamandridae,Echinotriton,Echinotriton andersoni,M,153.25,NA,53.25,NA,20.75,21,NA,NA,NA,NA,NA,NA,79.25,NA,6.25,NA,NA,25.25,27.25,NA,NA,NA,NA,NA,NA,NA,NA
Salamandridae,Echinotriton,Echinotriton chinhaiensis,M,119,66.7,NA,NA,15,17.8,7.3,3.9,NA,2.6,5,5.8,50.8,NA,5.6,NA,NA,20.6,20.8,NA,NA,NA,NA,NA,NA,NA,NA
Salamandridae,Echinotriton,Echinotriton chinhaiensis,F,136.8,82.3,NA,NA,17.2,21,7.8,4.2,NA,3,5.9,6.5,55.9,NA,7.4,NA,NA,23.9,24.3,NA,NA,NA,NA,NA,NA,NA,NA
Salamandridae,Echinotriton,Echinotriton maxiquadratus,F,129.47,85.72,NA,39.01,18.28,25.81,6.12,4.48,NA,NA,5.31,6.77,43.75,NA,NA,NA,NA,26.32,27.62,NA,NA,NA,NA,NA,NA,NA,NA
Plethodontidae,Eurycea,Eurycea chamberlaini,NA,51.78571429,26.1,NA,NA,5.2722,3.0537,1.566,1.3572,NA,NA,NA,NA,25.68571429,1.5138,NA,1.9836,NA,6.0813,7.0992,NA,NA,NA,NA,NA,NA,1.6965,NA
Plethodontidae,Eurycea,Eurycea chisholmensis,NA,NA,NA,NA,NA,NA,NA,NA,NA,NA,NA,NA,NA,NA,NA,NA,NA,NA,NA,NA,NA,NA,NA,NA,NA,NA,NA,NA
Plethodontidae,Eurycea,Eurycea hillisi,NA,51.07296137,23.8,NA,NA,5.117,3.0702,1.547,1.3566,NA,NA,NA,NA,27.27296137,1.666,NA,2.1658,NA,5.6168,6.6402,NA,NA,NA,NA,NA,NA,1.4756,NA
Plethodontidae,Eurycea,Eurycea naufragia,NA,NA,NA,NA,NA,NA,NA,NA,NA,NA,NA,NA,NA,NA,NA,NA,NA,NA,NA,NA,NA,NA,NA,NA,NA,NA,NA,NA
Plethodontidae,Eurycea,Eurycea paludicola,NA,70.11494253,30.5,NA,NA,6.0695,3.843,1.83,1.7385,NA,NA,NA,NA,39.61494253,2.623,NA,3.111,NA,6.4965,7.93,NA,NA,NA,NA,NA,NA,2.013,NA
Plethodontidae,Eurycea,Eurycea quadridigitata,NA,61.23853211,26.7,NA,NA,5.3133,3.204,1.4685,1.4151,NA,NA,NA,NA,34.53853211,2.0559,NA,2.4564,NA,5.9541,7.1289,NA,NA,NA,NA,NA,NA,1.6287,NA
Plethodontidae,Eurycea,Eurycea sphagnicola,NA,54.17661098,22.7,NA,NA,5.448,3.0191,1.5436,1.4301,NA,NA,NA,NA,31.47661098,1.9295,NA,2.27,NA,5.4707,6.4468,NA,NA,NA,NA,NA,NA,1.4301,NA
Plethodontidae,Eurycea,Eurycea tonkawae,NA,NA,NA,NA,NA,NA,NA,NA,NA,NA,NA,NA,NA,NA,NA,NA,NA,NA,NA,NA,NA,NA,NA,NA,NA,NA,NA,NA
Plethodontidae,Hydromantes,Hydromantes samweli,F,67.8,NA,NA,36.3,14.5,10.9,2.7,2.8,2.8,2.3,3.4,4.3,31.6,3.6,NA,4,NA,16.7,17.3,NA,NA,2.2,1,19,5.7,3.4,NA
Plethodontidae,Hydromantes,Hydromantes shastae,F,56.2,NA,NA,30.2,14.6,9.8,3.7,3,3.1,2.7,NA,4.3,31.5,3.4,NA,3.3,NA,16.9,17.6,NA,NA,2.1,1.2,16.5,4.2,4.5,NA
Plethodontidae,Hydromantes,Hydromantes wintu,F,67.8,NA,NA,36.3,14.5,10.9,2.7,2.8,2.8,2.3,4.3,NA,31.6,3.6,NA,4,NA,16.7,17.3,NA,NA,2.2,1,19,5.7,3.4,NA
Hynobiidae,Hynobius,Hynobius abuensis,NA,NA,57.3,43.6,27.3,13.7,11,3.5,3.4,NA,2,3.3,NA,49.6,6.9,7.1,NA,2.5,17.4,19.8,3.5,2.9,4.9,1.7,NA,NA,NA,NA
Hynobiidae,Hynobius,Hynobius akiensis,NA,NA,49.6,38,25.6,11.5,8.8,3.1,3,NA,1.6,2.7,NA,36.5,5.5,5.6,NA,2.5,12.5,14.8,2.5,2.1,3.7,1,NA,NA,NA,NA
Hynobiidae,Hynobius,Hynobius amakusaensis,F,NA,76.5,NA,42.1515,16.9065,12.9285,3.978,4.0545,NA,NA,4.0545,4.3605,49.266,8.109,7.7265,7.191,58.905,16.524,20.349,NA,NA,4.8195,NA,NA,NA,NA,NA
Hynobiidae,Hynobius,Hynobius amakusaensis,M,NA,75.4,NA,39.8866,17.4174,13.1196,4.0716,4.147,NA,NA,4.147,4.901,53.157,9.048,8.9726,7.9924,7.3892,16.1356,20.1318,NA,NA,4.6748,NA,NA,NA,NA,NA
Hynobiidae,Hynobius,Hynobius amjiensis,M,162.3,83.6,NA,38,18.8,17.3,6,4.5,NA,2.5,5.9,NA,77.3,9.2,10.8,NA,NA,24.7,28.7,NA,NA,NA,NA,NA,NA,NA,NA
Hynobiidae,Hynobius,Hynobius amjiensis,F,166,84.5,NA,42,18.7,19,6.2,5,NA,2.7,6.2,NA,78.2,10,11.2,NA,NA,24,28.2,NA,NA,NA,NA,NA,NA,NA,NA
Hynobiidae,Hynobius,Hynobius arisanensis,M,NA,54.3,NA,29.1,11.2,8.5,2.9,NA,NA,NA,1.7,3.5,41.3,NA,NA,NA,NA,13.6,15.3,NA,NA,NA,NA,NA,NA,NA,NA
Hynobiidae,Hynobius,Hynobius arisanensis,F,NA,55.2,NA,29.4,10.5,8.4,2.8,NA,NA,NA,1.6,3.5,40.8,NA,NA,NA,NA,13.1,15,NA,NA,NA,NA,NA,NA,NA,NA
Hynobiidae,Hynobius,Hynobius bakan,NA,NA,51.8,40,26.9,11.9,9.5,3,3,NA,1.5,2.8,NA,38.8,5.7,6.5,NA,2.2,13.3,15.6,2.5,2.3,3.9,1,NA,NA,NA,NA
Hynobiidae,Hynobius,Hynobius chinensis,NA,85,46,NA,NA,11,10,NA,NA,NA,NA,NA,NA,39,NA,NA,NA,NA,15,16,NA,NA,NA,NA,NA,NA,NA,NA
Hynobiidae,Hynobius,Hynobius formosanus,M,NA,53,NA,28.4,10.5,8.5,2.8,NA,NA,NA,1.6,3.4,37.9,NA,NA,NA,NA,11.7,13,NA,NA,NA,NA,NA,NA,NA,NA
Hynobiidae,Hynobius,Hynobius formosanus,F,NA,52.4,NA,28.3,10.3,8.1,2.8,NA,NA,NA,1.5,3.4,34.7,NA,NA,NA,NA,11.1,13.1,NA,NA,NA,NA,NA,NA,NA,NA
Hynobiidae,Hynobius,Hynobius fossigenus,M,NA,69.4,52.9,35.9,17.5,12.2,4.4,2.4,NA,3.8,4.2,4.4,58.4,8.2,10,NA,6.3,17,20.2,3.1,3.2,4.6,1.5,NA,NA,NA,NA
Hynobiidae,Hynobius,Hynobius fucus,F,NA,52.8,NA,27.4,12.6,7.9,2.9,NA,NA,NA,1.5,3.2,32.3,NA,NA,NA,NA,10.2,11.8,NA,NA,NA,NA,NA,NA,NA,NA
Hynobiidae,Hynobius,Hynobius fucus,M,NA,50.9,NA,26.8,10.8,8,2.8,NA,NA,NA,1.6,3.2,28.8,NA,NA,NA,NA,9.7,12.4,NA,NA,NA,NA,NA,NA,NA,NA
Hynobiidae,Hynobius,Hynobius glacialis,F,NA,58.9,NA,31,12.3,9.6,3.2,NA,NA,NA,2.3,4.3,43.9,NA,NA,NA,NA,14.1,16.3,NA,NA,NA,NA,NA,NA,NA,NA
Hynobiidae,Hynobius,Hynobius glacialis,M,NA,63.1,NA,34,12.1,9.7,3.2,NA,NA,NA,2.1,4.5,49.9,NA,NA,NA,NA,14.9,16.7,NA,NA,NA,NA,NA,NA,NA,NA
Hynobiidae,Hynobius,Hynobius guabangshanensis,M,138.5,81.4,NA,34.9,20.2,16.2,5.8,4.7,NA,NA,5.7,6.2,57.1,7.8,8.8,7.8,4.1,25.3,26.5,NA,NA,NA,NA,NA,NA,NA,NA
Hynobiidae,Hynobius,Hynobius guttatus,M,NA,57.5,43.815,30.13,13.685,10.35,3.2775,3.22,NA,1.84,3.1625,3.91,38.525,6.095,5.865,5.4625,NA,13.685,16.905,2.1275,2.07,3.68,0.7475,NA,NA,NA,NA
Hynobiidae,Hynobius,Hynobius ikioi,M,NA,59.2,44.992,31.1984,14.208,NA,3.6112,3.3152,NA,1.8944,3.4928,NA,35.9936,5.8016,4.9136,NA,2.9008,14.8,17.7008,2.3088,2.3088,3.9072,0.8288,NA,NA,NA,NA
Hynobiidae,Hynobius,Hynobius ikioi,F,NA,62.7,48.2163,33.4818,14.4837,NA,3.6993,3.5112,NA,2.0691,3.3858,NA,38.0589,6.27,5.2668,NA,3.5112,13.4805,17.3679,2.0691,2.0691,4.0128,0.8778,NA,NA,NA,NA
Hynobiidae,Hynobius,Hynobius iwami,NA,NA,52,39.3,26.5,12.7,9.1,3.2,3,NA,1.7,2.7,NA,38.8,5.4,5.7,NA,2,13.8,16,2.3,1.9,4,0.1,NA,NA,NA,NA
Hynobiidae,Hynobius,Hynobius katoi,M,NA,58.4,44.0336,NA,14.3664,9.4608,NA,NA,NA,NA,NA,NA,42.9824,NA,5.6648,NA,NA,NA,NA,NA,NA,NA,NA,NA,NA,NA,NA
Hynobiidae,Hynobius,Hynobius katoi,F,NA,62.7,47.4639,NA,15.2361,9.7812,NA,NA,NA,NA,NA,NA,45.7083,NA,5.5803,NA,NA,NA,NA,NA,NA,NA,NA,NA,NA,NA,NA
Hynobiidae,Hynobius,Hynobius kimurae,M,NA,84.9,64.8636,NA,20.0364,14.433,NA,NA,NA,NA,NA,NA,74.8818,NA,9.339,NA,NA,NA,NA,NA,NA,NA,NA,NA,NA,NA,NA
Hynobiidae,Hynobius,Hynobius kuishiensis,M,NA,60.3,46.0692,31.4163,14.2308,10.4319,3.4371,3.3768,NA,1.9899,3.2562,4.0401,41.1849,6.6933,6.1506,6.03,NA,14.5323,18.0297,2.5326,2.412,4.1607,1.0854,NA,NA,NA,NA
Hynobiidae,Hynobius,Hynobius leechii,F,100.5,NA,NA,NA,14,10.3,3.7,2.9,NA,NA,NA,NA,36,NA,3.3,NA,NA,16.1,18.7,NA,NA,NA,NA,NA,NA,NA,NA
Hynobiidae,Hynobius,Hynobius leechii,M,116.5,NA,NA,NA,15,12,4.1,3,NA,NA,NA,NA,46,NA,7.2,NA,NA,18,21,NA,NA,NA,NA,NA,NA,NA,NA
Hynobiidae,Hynobius,Hynobius maoershanensis,F,145.5,76,NA,39.8,19.1,16.5,5.7,3.8,NA,NA,NA,5.2,68.2,8.7,8.9,NA,NA,26.5,28.7,NA,NA,NA,NA,NA,NA,NA,NA
Hynobiidae,Hynobius,Hynobius maoershanensis,M,159.3,86.8,NA,45.8,20.8,16,4.3,4,NA,NA,NA,5.3,72.5,9,10.8,NA,NA,25.5,28.3,NA,NA,NA,NA,NA,NA,NA,NA
Hynobiidae,Hynobius,Hynobius mikawaensis,M,NA,54.8,41.4836,27.674,13.3164,10.3572,3.2332,2.9044,NA,1.644,3.1784,3.7812,38.3052,5.3156,6.85,5.754,3.7812,13.5356,16.4948,2.466,2.2468,3.8908,1.2604,NA,NA,NA,NA
Hynobiidae,Hynobius,Hynobius mikawaensis,F,NA,56.1,43.2531,29.2842,12.8469,10.1541,3.3099,2.9733,NA,1.5147,2.9172,3.5904,36.0723,4.9368,5.7783,5.049,3.4221,12.7908,16.269,2.4123,2.244,3.7587,1.3464,NA,NA,NA,NA
Hynobiidae,Hynobius,Hynobius naevius,F,NA,79.7,61.7675,44.3132,17.9325,13.1505,4.3038,4.1444,NA,2.4707,4.0647,4.8617,54.5148,8.0497,7.5715,7.4121,4.8617,17.7731,22.6348,3.4271,3.188,5.3399,1.8331,NA,NA,NA,NA
Hynobiidae,Hynobius,Hynobius naevius,M,NA,73.6,56.672,39.0816,16.928,12.88,4.1952,4.048,NA,2.2816,3.9744,4.8576,52.6976,8.3168,7.9488,7.2128,5.4464,17.5168,21.4176,3.0176,2.7968,4.9312,1.6928,NA,NA,NA,NA
Hynobiidae,Hynobius,Hynobius nebulosus,NA,NA,59.3,45.3,30.5,14,11.1,3.6,3.2,NA,1.7,3.5,NA,39.5,6.3,7.3,NA,2.7,15.2,17.7,2.9,2.6,4.5,1.4,NA,NA,NA,NA
Hynobiidae,Hynobius,Hynobius osumiensis,M,NA,68.4,NA,36.3888,16.074,11.628,3.8304,3.762,NA,NA,3.6936,4.3092,51.0264,7.5924,6.84,6.84,5.6088,15.8004,19.7676,NA,NA,4.0356,NA,NA,NA,NA,NA
Hynobiidae,Hynobius,Hynobius osumiensis,F,NA,70.2,NA,38.4696,16.0758,11.232,3.5802,3.9312,NA,NA,3.51,4.212,46.1916,6.9498,6.4584,6.2478,5.3352,15.795,19.2348,NA,NA,4.6332,NA,NA,NA,NA,NA
Hynobiidae,Hynobius,Hynobius oyamai,M,NA,74.6,57.5166,39.7618,17.0834,13.3534,4.1776,4.1776,NA,2.3872,4.3268,5.0728,55.0548,8.5044,8.5044,7.6092,5.8188,17.9786,22.38,3.2824,3.0586,5.0728,1.9396,NA,NA,NA,NA
Hynobiidae,Hynobius,Hynobius oyamai,F,NA,77.3,59.7529,41.5874,17.5471,13.3729,4.0969,4.1742,NA,2.3963,4.0969,5.0245,52.9505,7.9619,7.5754,7.0343,5.3337,17.1606,22.1851,3.092,2.8601,5.2564,1.9325,NA,NA,NA,NA
Hynobiidae,Hynobius,Hynobius quelpaertensis,F,NA,62.3,47.7841,NA,14.5159,9.9057,NA,NA,NA,NA,NA,NA,33.2682,NA,4.7348,NA,NA,NA,NA,NA,NA,NA,NA,NA,NA,NA,NA
Hynobiidae,Hynobius,Hynobius quelpaertensis,M,NA,60.4,46.431,NA,13.869,12.1203,NA,NA,NA,NA,NA,NA,52.5213,NA,6.2712,NA,NA,NA,NA,NA,NA,NA,NA,NA,NA,NA,NA
Hynobiidae,Hynobius,Hynobius sematonotos,F,NA,73,55.991,38.471,17.009,12.41,3.869,4.234,NA,2.409,4.161,4.891,50.954,6.935,7.227,7.081,4.745,16.498,21.462,3.212,2.92,4.964,1.606,NA,NA,NA,NA
Hynobiidae,Hynobius,Hynobius sematonotos,M,NA,68.6,52.4104,35.3976,16.1896,12.2108,3.9102,3.9788,NA,2.3324,3.9788,4.8706,51.9302,7.9576,7.889,7.4774,5.6252,16.6698,20.8544,3.0184,2.8126,4.8706,1.5092,NA,NA,NA,NA
Hynobiidae,Hynobius,Hynobius setoi,NA,NA,58.8,44.1,28.1,14.7,10.7,3.8,3.5,NA,1.9,3.3,NA,44.9,7,7.9,NA,3,15.9,19.1,3.1,2.7,4.7,1.3,NA,NA,NA,NA
Hynobiidae,Hynobius,Hynobius setouchi,NA,NA,52.3,40.1,26.3,12.2,9.1,3.2,3.2,NA,1.6,2.8,NA,39.8,5.8,6,NA,2.4,13.7,16.3,2.6,2.4,4.1,1.2,NA,NA,NA,NA
Hynobiidae,Hynobius,Hynobius shinichisatoi,M,NA,82.9,NA,43.108,20.2276,14.7562,4.7253,4.7253,NA,NA,5.2227,6.2175,74.9416,9.2019,8.5387,7.7097,6.0517,20.6421,24.9529,NA,NA,5.6372,NA,NA,NA,NA,NA
Hynobiidae,Hynobius,Hynobius shinichisatoi,F,NA,84.3,NA,45.0162,20.0634,14.4153,4.6365,4.6365,NA,NA,5.058,6.4068,71.8236,7.9242,6.9969,6.4911,4.8051,19.9791,24.6999,NA,NA,6.2382,NA,NA,NA,NA,NA
Hynobiidae,Hynobius,Hynobius sonani,F,NA,58.4,NA,31.8,11.3,9.5,2.8,NA,NA,NA,1.8,3.9,43.5,NA,NA,NA,NA,14,16.8,NA,NA,NA,NA,NA,NA,NA,NA
Hynobiidae,Hynobius,Hynobius sonani,M,NA,56.8,NA,30.5,10.4,9.4,2.9,NA,NA,NA,1.9,3.8,43.8,NA,NA,NA,NA,14.1,16.4,NA,NA,NA,NA,NA,NA,NA,NA
Hynobiidae,Hynobius,Hynobius stejnegeri,M,NA,80.4,NA,40.5216,18.894,14.5524,4.422,4.5828,NA,NA,4.9044,5.8692,67.8576,8.5224,7.7988,7.7184,6.3516,19.296,23.5572,NA,NA,5.9496,NA,NA,NA,NA,NA
Hynobiidae,Hynobius,Hynobius stejnegeri,F,NA,79.9,NA,43.3857,17.8177,14.0624,4.3146,4.3146,NA,NA,4.8739,5.5131,66.317,8.7091,7.6704,7.8302,6.6317,18.2172,23.3308,NA,NA,5.593,NA,NA,NA,NA,NA
Hynobiidae,Hynobius,Hynobius takedai,F,NA,58.7,45.5512,29.8196,13.1488,11.0356,3.522,3.2285,NA,1.761,3.4046,3.6394,37.7441,6.2809,6.3396,6.1048,3.5807,13.5597,17.5513,2.7589,2.348,3.9329,1.5849,NA,NA,NA,NA
Hynobiidae,Hynobius,Hynobius takedai,M,NA,53.6,41.1112,25.8352,12.4888,10.5592,3.5376,3.216,NA,1.7688,3.2696,3.8056,41.808,5.7352,7.5576,6.3784,3.8592,13.936,17.4736,2.7872,2.4656,4.288,1.5008,NA,NA,NA,NA
Hynobiidae,Hynobius,Hynobius tokyoensis,M,NA,57.4,43.61136,NA,14.22864,10.06416,NA,NA,NA,NA,NA,NA,50.08944,NA,8.0976,NA,NA,NA,NA,NA,NA,NA,NA,NA,NA,NA,NA
Hynobiidae,Hynobius,Hynobius tosashimizuensis,M,NA,73.5,56.2,36.5,17.8,14.1,5.2,3.3,NA,2.7,4.1,5.2,67.4,NA,9.2,NA,5.1,20.1,25.2,NA,NA,NA,NA,NA,NA,NA,NA
Hynobiidae,Hynobius,Hynobius tosashimizuensis,F,NA,66.4,50.7,33.8,16.4,13.2,4.4,3,NA,2.4,4,4.6,51.6,NA,8.5,NA,4.8,16.5,21.4,NA,NA,NA,NA,NA,NA,NA,NA
Hynobiidae,Hynobius,Hynobius tsuensis,M,NA,61.9,47.6011,NA,14.2989,12.0705,NA,NA,NA,NA,NA,NA,50.9437,NA,6.6233,NA,NA,NA,NA,NA,NA,NA,NA,NA,NA,NA,NA
Hynobiidae,Hynobius,Hynobius tsuensis,F,NA,62.1,47.817,NA,14.283,11.6127,NA,NA,NA,NA,NA,NA,43.47,NA,5.5269,NA,NA,NA,NA,NA,NA,NA,NA,NA,NA,NA,NA
Hynobiidae,Hynobius,Hynobius tsurugiensis,M,NA,62,39.624,27.508,12.376,8.736,2.86,2.964,NA,1.664,2.86,3.536,35.984,5.616,5.148,4.94,NA,12.168,14.976,2.08,2.028,3.432,0.624,NA,NA,NA,NA
Hynobiidae,Hynobius,Hynobius unisacculus,F,NA,51.4,NA,29.5,12.2,8.2,2.8,5.6,NA,NA,3,NA,33,NA,NA,NA,NA,11.3,13.3,NA,NA,NA,NA,NA,NA,NA,NA
Hynobiidae,Hynobius,Hynobius unisacculus,M,NA,49.4,NA,28,12,7.8,2.8,2.5,NA,NA,2.9,NA,36.5,NA,NA,NA,NA,11.1,12.9,NA,NA,NA,NA,NA,NA,NA,NA
Hynobiidae,Hynobius,Hynobius utsunomiyaorum,NA,NA,53.6,41.2,27.8,12.4,9.5,3.3,3.1,NA,1.7,2.9,NA,37.3,5.9,5.2,NA,2.9,13.3,16.3,2.5,1.9,3.9,0.3,NA,NA,NA,NA
Hynobiidae,Hynobius,Hynobius vandenburghi,NA,NA,56.5,43.1,29.1,13.4,9.4,3.2,3.1,NA,1.7,2.8,NA,39.3,5.9,6.6,NA,2.7,14.2,16.6,2.8,2.4,4,1.2,NA,NA,NA,NA
Hynobiidae,Hynobius,Hynobius yangi,F,NA,57.8,45.0262,NA,12.7738,10.6352,NA,NA,NA,NA,NA,NA,42.4252,NA,5.8956,NA,NA,NA,NA,NA,NA,NA,NA,NA,NA,NA,NA
Hynobiidae,Hynobius,Hynobius yangi,M,NA,52.6,39.9234,NA,12.6766,10.52,NA,NA,NA,NA,NA,NA,43.2372,NA,6.1016,NA,NA,NA,NA,NA,NA,NA,NA,NA,NA,NA,NA
Hynobiidae,Hynobius,Hynobius yiwuensis,M,115.6,63.8,NA,NA,17.4,13.8,4.8,3.9,NA,2.6,5.1,NA,47.8,6.9,NA,NA,NA,19,20.4,NA,NA,NA,NA,NA,NA,NA,NA
Hynobiidae,Hynobius,Hynobius yiwuensis,F,99.8,59.9,NA,NA,16.1,12.6,4.4,3.9,NA,2.2,4.6,NA,35.8,6.2,NA,NA,NA,15.2,16.7,NA,NA,NA,NA,NA,NA,NA,NA
Plethodontidae,Isthmura,Isthmura maxima,M,NA,122.8,NA,67.4,NA,22.4,5.9,NA,NA,4.5,7.2,7.1,120.8,16,NA,14.7,NA,24.9,27.6,NA,NA,3.9,2.5,35.6,7.2,8,26.9
Salamandridae,Laotriton,Laotriton laoensis,M,176.9,83.6,NA,41.5,28.2,NA,11.8,NA,6.9,NA,5.7,NA,86.7,NA,NA,NA,NA,31.5,29.4,NA,NA,NA,NA,NA,NA,NA,NA
Salamandridae,Laotriton,Laotriton laoensis,F,180.3,82.2,NA,40.2,26.6,NA,11.5,NA,6.6,NA,5.9,NA,91.6,NA,NA,NA,NA,29.8,29.4,NA,NA,NA,NA,NA,NA,NA,NA
Salamandridae,Lissotriton,Lissotriton schmidtleri,M,49.5,26.5,NA,NA,NA,NA,NA,NA,NA,NA,NA,NA,23,NA,NA,NA,NA,NA,NA,NA,NA,NA,NA,NA,NA,NA,NA
Hynobiidae,Liua,Liua shihi,F,146.4,75.2,NA,NA,18.4,14.7,4.1,4.2,NA,NA,NA,5.4,71.2,9.4,11.4,NA,3.6,19.7,23.5,NA,NA,NA,NA,NA,NA,NA,NA
Hynobiidae,Liua,Liua shihi,M,173,86,NA,NA,21.7,16.1,4.5,4.4,NA,NA,NA,6.1,87,12,13.6,NA,6.3,22.3,26.4,NA,NA,NA,NA,NA,NA,NA,NA
Hynobiidae,Liua,Liua tsinpaensis,M,128.7,66.1,NA,NA,16.6,11.3,3.4,3.6,NA,NA,5.3,NA,62.6,7.7,6.7,NA,NA,17.2,19.1,NA,NA,NA,NA,NA,NA,NA,NA
Salamandridae,Lyciasalamandra,Lyciasalamandra antalyana,M,126.58,69.9,45.24,36.94,17.21,10.86,NA,3.97,2.82,NA,4.74,NA,56.53,NA,NA,NA,NA,20.37,24.19,NA,NA,NA,NA,NA,NA,NA,NA
Salamandridae,Lyciasalamandra,Lyciasalamandra antalyana,F,123.17,68.17,45.44,37.36,16.73,11.2,NA,4.4,2.72,NA,4.87,NA,55,NA,NA,NA,NA,21.63,25.54,NA,NA,NA,NA,NA,NA,NA,NA
Salamandridae,Lyciasalamandra,Lyciasalamandra atifi,NA,134,73,50.4,41,18.3,12.5,NA,4.7,3.8,NA,5.4,NA,61,NA,NA,NA,NA,22.2,26.7,NA,NA,NA,NA,NA,NA,NA,NA
Salamandridae,Lyciasalamandra,Lyciasalamandra billae,F,130,74,49.87,41.75,16.88,11.13,NA,4.57,3.27,NA,4.94,NA,56,NA,NA,NA,NA,22.54,27.29,NA,NA,NA,NA,NA,NA,NA,NA
Salamandridae,Lyciasalamandra,Lyciasalamandra flavimembris,NA,132.49,74.34,54.34,39.31,15.96,12.63,NA,4.48,3.21,NA,5.12,NA,58.14,NA,NA,NA,NA,21.72,24.09,NA,NA,NA,NA,NA,NA,NA,NA
Salamandridae,Lyciasalamandra,Lyciasalamandra luschani,M,118.33,65.67,51.78,36.61,13.89,10.83,NA,4.34,2.69,NA,4.11,NA,52.67,NA,NA,NA,NA,20.88,22.59,NA,NA,NA,NA,NA,NA,NA,NA
Salamandridae,Lyciasalamandra,Lyciasalamandra luschani,F,108.38,60.46,46.69,33.46,13.77,10.78,NA,4.21,2.47,NA,3.79,NA,47.92,NA,NA,NA,NA,18.79,21.07,NA,NA,NA,NA,NA,NA,NA,NA
Proteidae,Necturus,Necturus beyeri,M,NA,184,NA,NA,21.1,12.6,NA,1.8,NA,NA,NA,6.9,68,NA,NA,NA,NA,NA,NA,NA,NA,NA,NA,NA,NA,NA,NA
Proteidae,Necturus,Necturus beyeri,F,NA,177,NA,NA,19.1,11.2,NA,1.9,NA,NA,NA,5.7,66,NA,NA,NA,NA,NA,NA,NA,NA,NA,NA,NA,NA,NA,NA
Proteidae,Necturus,Necturus moleri,F,NA,134,NA,NA,19.4,11.3,NA,1.4,NA,NA,NA,5.3,63,NA,NA,NA,NA,NA,NA,NA,NA,NA,NA,NA,NA,NA,NA
Proteidae,Necturus,Necturus moleri,M,NA,173,NA,NA,24.7,14.5,NA,1.8,NA,NA,NA,7.2,73,NA,NA,NA,NA,NA,NA,NA,NA,NA,NA,NA,NA,NA,NA
Proteidae,Necturus,Necturus mounti,M,NA,116,NA,NA,18.2,11.9,NA,1.9,NA,NA,NA,6.5,49,NA,NA,NA,NA,NA,NA,NA,NA,NA,NA,NA,NA,NA,NA
Proteidae,Necturus,Necturus mounti,F,NA,110,NA,NA,16.6,10.8,NA,1.9,NA,NA,NA,5.2,53,NA,NA,NA,NA,NA,NA,NA,NA,NA,NA,NA,NA,NA,NA
Salamandridae,Neurergus,Neurergus barani,NA,151.1,77.7,NA,37.6,17.7,13.8,NA,NA,NA,NA,NA,NA,80.1,NA,NA,NA,NA,23.8,26.2,NA,NA,NA,NA,NA,NA,NA,NA
Salamandridae,Neurergus,Neurergus strauchii,NA,155.8,78.6,NA,39.2,17.5,13.6,NA,NA,NA,NA,NA,NA,81.7,NA,NA,NA,NA,23.7,26.9,NA,NA,NA,NA,NA,NA,NA,NA
Salamandridae,Notophthalmus,Notophthalmus perstriatus,M,70,NA,NA,NA,NA,NA,NA,NA,NA,NA,NA,NA,NA,NA,NA,NA,NA,NA,NA,NA,NA,NA,NA,NA,NA,NA,NA
Salamandridae,Notophthalmus,Notophthalmus perstriatus,F,60,NA,NA,NA,NA,NA,NA,NA,NA,NA,NA,NA,NA,NA,NA,NA,NA,NA,NA,NA,NA,NA,NA,NA,NA,NA,NA
Plethodontidae,Nototriton,Nototriton barbouri,NA,NA,35.05,NA,NA,6.76465,4.5565,NA,NA,NA,NA,NA,NA,34.471675,NA,NA,NA,NA,7.2904,6.309,NA,NA,NA,NA,NA,NA,NA,NA
Plethodontidae,Nototriton,Nototriton brodiei,NA,NA,33.85,NA,NA,NA,4.062,NA,NA,NA,NA,NA,NA,48.4055,NA,NA,NA,NA,5.85605,5.060575,NA,NA,NA,NA,NA,NA,NA,NA
Plethodontidae,Nototriton,Nototriton guanacaste,M,NA,29.7,NA,15.8,NA,4.5,1.9,NA,NA,0.9,1.1,1.3,35.1,2.6,NA,2.7,NA,5.1,5.4,NA,NA,0.5,0.4,8.4,2,1.6,6
Plethodontidae,Nototriton,Nototriton lignicola,NA,NA,32.7,NA,NA,6.3438,4.30005,NA,NA,NA,NA,NA,NA,30.3129,NA,NA,NA,NA,6.09855,5.41185,NA,NA,NA,NA,NA,NA,NA,NA
Plethodontidae,Nototriton,Nototriton limnospectator,NA,NA,31.35,NA,NA,5.9565,3.589575,NA,NA,NA,NA,NA,NA,34.07745,NA,NA,NA,NA,6.42675,5.533275,NA,NA,NA,NA,NA,NA,NA,NA
Plethodontidae,Nototriton,Nototriton major,M,NA,37.9,NA,21.8,NA,4.3,2.2,NA,NA,0.9,1.3,1.5,54.6,3.1,NA,3.2,NA,5.6,7.3,NA,NA,1.7,0.7,NA,NA,1.9,6.7
Plethodontidae,Nototriton,Nototriton matama,F,NA,23.6,NA,13,NA,NA,NA,NA,NA,NA,NA,NA,NA,NA,NA,NA,NA,3.7,4.2,NA,NA,1,NA,NA,NA,NA,4.2
Plethodontidae,Nototriton,Nototriton mime,NA,NA,25.15,NA,NA,2.54015,3.256925,NA,NA,NA,NA,NA,NA,22.823625,NA,NA,NA,NA,6.01085,5.545575,NA,NA,NA,NA,NA,NA,NA,NA
Plethodontidae,Nototriton,Nototriton nelsoni,NA,NA,31.35,NA,NA,6.442425,4.216575,NA,NA,NA,NA,NA,NA,41.9463,NA,NA,NA,NA,6.67755,5.815425,NA,NA,NA,NA,NA,NA,NA,NA
Plethodontidae,Nototriton,Nototriton oreadorum,NA,NA,34.4,NA,NA,6.192,4.1108,NA,NA,NA,NA,NA,NA,39.216,NA,NA,NA,NA,7.0864,5.7792,NA,NA,NA,NA,NA,NA,NA,NA
Plethodontidae,Nototriton,Nototriton picucha,NA,NA,26.8,NA,NA,5.293,3.8592,NA,NA,NA,NA,NA,NA,30.6324,NA,NA,NA,NA,5.6548,4.958,NA,NA,NA,NA,NA,NA,NA,NA
Plethodontidae,Nototriton,Nototriton saslaya,NA,NA,31.35,NA,NA,NA,4.5144,NA,NA,NA,NA,NA,NA,33.51315,NA,NA,NA,NA,7.226175,6.3327,NA,NA,NA,NA,NA,NA,NA,NA
Plethodontidae,Nototriton,Nototriton stuarti,NA,NA,32.6,NA,NA,NA,4.4988,NA,NA,NA,NA,NA,NA,41.2064,NA,NA,NA,NA,5.8028,5.6072,NA,NA,NA,NA,NA,NA,NA,NA
Plethodontidae,Nototriton,Nototriton tapanti,F,NA,23.5,NA,13.6,NA,2.9,1.3,NA,NA,0.6,0.6,1,27,1.5,NA,1.7,NA,3.3,3.9,NA,NA,0.13,NA,6.6,1.6,NA,NA
Plethodontidae,Nototriton,Nototriton tomamorum,NA,NA,26.9,NA,NA,NA,3.9005,NA,NA,NA,NA,NA,NA,24.5059,NA,NA,NA,NA,5.2993,4.304,NA,NA,NA,NA,NA,NA,NA,NA
Plethodontidae,Oedipina,Oedipina ecuatoriana,M,NA,45.6,NA,29.3,7.5,4.9,2.3,0.8,NA,0.7,NA,2.4,79.2,3.7,NA,3.9,NA,5,8.2,NA,NA,NA,NA,NA,NA,1.5,NA
Plethodontidae,Oedipina,Oedipina nimaso,M,NA,30.8,NA,20,NA,NA,NA,NA,NA,NA,NA,NA,NA,NA,NA,NA,NA,6.2,6.9,NA,NA,1,NA,NA,NA,NA,4.8
Plethodontidae,Oedipina,Oedipina villamizariorum,F,NA,42.1,NA,27.8,7.5,4.2,2.2,1.6,1.4,0.8,NA,1.8,26.3,3.2,NA,3.9,NA,6.6,7.3,NA,NA,0.4,NA,10.2,NA,1.7,NA
Salamandridae,Ommatotriton,Ommatotriton nesterovi,M,NA,54.65,NA,27.35,12.95,8.95,NA,NA,NA,NA,NA,NA,53.4,NA,7,NA,NA,20.5,22.3,NA,NA,NA,NA,NA,NA,NA,NA
Salamandridae,Ommatotriton,Ommatotriton nesterovi,F,NA,52.65,NA,25.1,12.8,8.6,NA,NA,NA,NA,NA,NA,51.1,NA,7.3,NA,NA,18.65,17.3,NA,NA,NA,NA,NA,NA,NA,NA
Salamandridae,Ommatotriton,Ommatotriton vittatus,M,116,59.39,NA,NA,NA,NA,NA,NA,NA,NA,NA,NA,56.87,NA,NA,NA,NA,NA,NA,NA,NA,NA,NA,NA,NA,NA,NA
Salamandridae,Ommatotriton,Ommatotriton vittatus,F,91.79,48.65,NA,NA,NA,NA,NA,NA,NA,NA,NA,NA,43.32,NA,NA,NA,NA,NA,NA,NA,NA,NA,NA,NA,NA,NA,NA
Hynobiidae,Onychodactylus,Onychodactylus fischeri,M,NA,70.1,NA,42.761,16.123,10.7954,NA,NA,NA,NA,NA,NA,84.6107,NA,NA,NA,NA,18.7167,22.8526,NA,NA,NA,NA,NA,NA,NA,NA
Hynobiidae,Onychodactylus,Onychodactylus fischeri,F,NA,66.8,NA,38.6772,15.698,10.1536,NA,NA,NA,NA,NA,NA,70.2068,NA,NA,NA,NA,18.2364,20.8416,NA,NA,NA,NA,NA,NA,NA,NA
Hynobiidae,Onychodactylus,Onychodactylus japonicus,M,NA,62.3,NA,34.5142,14.2667,8.5974,NA,NA,NA,NA,NA,NA,81.2392,NA,NA,NA,NA,18.8769,20.8082,NA,NA,NA,NA,NA,NA,NA,NA
Hynobiidae,Onychodactylus,Onychodactylus japonicus,F,NA,65.3,NA,35.7191,15.3455,8.7502,NA,NA,NA,NA,NA,NA,66.9978,NA,NA,NA,NA,19.1329,22.0714,NA,NA,NA,NA,NA,NA,NA,NA
Hynobiidae,Onychodactylus,Onychodactylus kinneburi,F,NA,78.4,NA,43.512,17.0128,11.368,3.6064,NA,NA,NA,NA,5.8016,82.3984,6.9776,NA,6.9776,NA,21.3248,25.0096,NA,NA,NA,NA,NA,NA,NA,NA
Hynobiidae,Onychodactylus,Onychodactylus kinneburi,M,NA,72.2,NA,37.4718,16.3172,10.6134,3.3934,NA,NA,NA,NA,5.3428,84.5462,7.7976,NA,7.2922,NA,19.7828,22.5264,NA,NA,NA,NA,NA,NA,NA,NA
Hynobiidae,Onychodactylus,Onychodactylus koreanus,M,NA,66.5,NA,37.0405,16.359,11.2385,NA,NA,NA,NA,NA,NA,85.5855,NA,NA,NA,NA,18.0215,21.28,NA,NA,NA,NA,NA,NA,NA,NA
Hynobiidae,Onychodactylus,Onychodactylus koreanus,F,NA,58.2,NA,27.9942,12.8622,9.1956,NA,NA,NA,NA,NA,NA,60.528,NA,NA,NA,NA,13.7934,16.3542,NA,NA,NA,NA,NA,NA,NA,NA
Hynobiidae,Onychodactylus,Onychodactylus nipponoborealis,F,NA,67.8,NA,42.036,16.7466,12.6786,NA,NA,NA,NA,NA,NA,73.902,NA,NA,NA,NA,21.0858,24.8148,NA,NA,NA,NA,NA,NA,NA,NA
Hynobiidae,Onychodactylus,Onychodactylus nipponoborealis,M,NA,71.3,NA,45.632,17.8963,13.6183,NA,NA,NA,NA,NA,NA,84.2053,NA,NA,NA,NA,22.6021,26.381,NA,NA,NA,NA,NA,NA,NA,NA
Hynobiidae,Onychodactylus,Onychodactylus tsukubaensis,F,NA,66.9,NA,35.0556,15.5877,10.4364,NA,4.1478,NA,NA,4.9506,NA,60.4776,6.0879,5.6196,5.8203,4.3485,17.6616,20.4045,NA,NA,NA,NA,NA,NA,NA,NA
Hynobiidae,Onychodactylus,Onychodactylus tsukubaensis,M,NA,69.5,NA,35.862,15.9155,10.703,NA,4.309,NA,NA,5.0735,NA,71.0985,6.3245,5.3515,5.6295,4.17,18.487,21.6145,NA,NA,NA,NA,NA,NA,NA,NA
Hynobiidae,Onychodactylus,Onychodactylus zhangyapingi,M,NA,64.6,NA,34.884,14.858,9.6254,NA,NA,NA,NA,NA,NA,88.2436,NA,NA,NA,NA,17.0544,19.8968,NA,NA,NA,NA,NA,NA,NA,NA
Hynobiidae,Onychodactylus,Onychodactylus zhangyapingi,F,NA,73.5,NA,41.5275,15.288,10.6575,NA,NA,NA,NA,NA,NA,81.5115,NA,NA,NA,NA,18.7425,22.491,NA,NA,NA,NA,NA,NA,NA,NA
Hynobiidae,Onychodactylus,Onychodactylus zhaoermii,F,NA,76.9,NA,42.9871,16.3797,11.1505,NA,NA,NA,NA,NA,NA,82.6675,NA,NA,NA,NA,21.3782,26.8381,NA,NA,NA,NA,NA,NA,NA,NA
Hynobiidae,Onychodactylus,Onychodactylus zhaoermii,M,NA,65.3,NA,34.5437,15.2802,9.9909,NA,NA,NA,NA,NA,NA,89.3304,NA,NA,NA,NA,18.4146,22.5938,NA,NA,NA,NA,NA,NA,NA,NA
Hynobiidae,Pachyhynobius,Pachyhynobius shangchengensis,F,164.3,100.8,NA,52,22.1,17.4,5.6,4.7,NA,NA,NA,NA,63.6,13.2,NA,NA,NA,17.6,21.3,NA,NA,NA,NA,NA,NA,NA,NA
Hynobiidae,Pachyhynobius,Pachyhynobius shangchengensis,M,167.3,102.3,NA,52.7,22.8,19.5,6.9,4.9,NA,NA,NA,NA,64.9,13.6,NA,NA,NA,18.3,22.3,NA,NA,NA,NA,NA,NA,NA,NA
Salamandridae,Pachytriton,Pachytriton airobranchiatus,M,NA,73.12,NA,NA,16.78,14.42,NA,2.42,NA,NA,6.64,7.44,67.56,8.18,7.6,NA,NA,NA,NA,NA,NA,NA,NA,NA,NA,NA,NA
Salamandridae,Pachytriton,Pachytriton airobranchiatus,F,NA,66.05,NA,NA,14.65,12.75,NA,2.55,NA,NA,6.3,6.35,61.75,8.1,5.9,NA,NA,NA,NA,NA,NA,NA,NA,NA,NA,NA,NA
Salamandridae,Pachytriton,Pachytriton archospotus,M,NA,86.8,64.666,43.4868,22.134,18.8356,8.0724,2.2568,4.9476,1.302,4.34,6.944,83.0676,13.7144,NA,13.8012,8.5064,20.2244,25.5192,NA,NA,NA,NA,NA,4.34,NA,NA
Salamandridae,Pachytriton,Pachytriton brevipes,M,NA,87.6,65.1744,45.2016,22.4256,17.1696,7.5336,3.066,5.7816,2.1024,4.6428,7.3584,88.5636,12.5268,NA,11.3004,8.76,19.272,22.6884,NA,NA,NA,NA,NA,6.3072,NA,NA
Salamandridae,Pachytriton,Pachytriton changi,M,NA,83,62,41.6,20.7,15.35,6.1,2.9,6.05,2.2,5.8,8.25,85.6,10.05,NA,8.6,6.55,19.85,22.5,NA,NA,NA,NA,NA,NA,NA,NA
Salamandridae,Pachytriton,Pachytriton feii,M,NA,73.3,53.4357,36.7233,19.8643,14.66,5.5708,2.6388,5.2776,1.9791,4.6179,7.1101,71.3942,9.0892,NA,8.4295,6.5237,18.9114,21.6968,NA,NA,NA,NA,NA,5.3509,NA,NA
Salamandridae,Pachytriton,Pachytriton feii,F,NA,81.6,61.0368,41.8608,20.5632,15.0144,5.4672,2.3664,5.1408,2.04,4.8144,7.0992,78.744,9.8736,NA,9.384,7.2624,19.3392,23.0928,NA,NA,NA,NA,NA,3.3456,NA,NA
Salamandridae,Pachytriton,Pachytriton granulosus,M,NA,69,50.646,35.673,18.354,13.11,4.761,2.07,4.554,2.277,4.14,5.865,70.104,10.143,NA,8.901,8.28,16.008,17.457,NA,NA,NA,NA,NA,5.727,NA,NA
Salamandridae,Pachytriton,Pachytriton inexpectatus,M,NA,87.8,62.6014,43.461,25.1986,17.3844,6.0582,2.5462,6.146,2.195,5.707,8.341,79.5468,12.9066,NA,10.7116,9.8336,17.8234,21.511,NA,NA,NA,NA,NA,4.9168,NA,NA
Salamandridae,Pachytriton,Pachytriton moi,M,NA,100.2,64.2282,52.2042,35.9718,23.2464,8.016,3.7074,8.6172,2.7054,7.515,11.3226,90.681,13.2264,NA,12.8256,7.8156,22.7454,24.4488,NA,NA,NA,NA,NA,5.2104,NA,NA
Salamandridae,Pachytriton,Pachytriton wuguanfui,M,NA,86.1,NA,NA,22.4,17.3,NA,NA,NA,NA,4.1,7.8,73.5,9.9,7.8,NA,NA,NA,NA,2.3,3,3.8,1.1,NA,NA,NA,NA
Salamandridae,Pachytriton,Pachytriton wuguanfui,F,NA,82.8,NA,NA,21.6,16.1,NA,NA,NA,NA,4.2,7.4,75,10.3,8.2,NA,NA,NA,NA,2.3,3.3,4.2,1.6,NA,NA,NA,NA
Salamandridae,Pachytriton,Pachytriton xanthospilos,F,175.9,91.7,NA,NA,21.2,NA,8.8,NA,NA,NA,5.5,8.1,84.2,11.4,NA,NA,NA,19.3,20.3,NA,NA,NA,NA,NA,NA,NA,NA
Salamandridae,Pachytriton,Pachytriton xanthospilos,M,163.7,87,NA,NA,20.4,NA,8.7,NA,NA,NA,5.2,8.2,76.7,11.2,NA,NA,NA,19,19.8,NA,NA,NA,NA,NA,NA,NA,NA
Salamandridae,Paramesotriton,Paramesotriton aurantius,F,141.6583333,69.36666667,NA,34.09166667,18.64166667,14.39166667,5.391666667,4.225,NA,NA,3.563636364,NA,72.3,NA,NA,NA,NA,21.34166667,22.625,NA,NA,NA,NA,NA,NA,NA,NA
Salamandridae,Paramesotriton,Paramesotriton aurantius,M,131.13125,68.30625,NA,31.55,19.55,14.68125,5.55,4.8625,NA,NA,3.84375,NA,62.81875,NA,NA,NA,NA,23.375,24.44375,NA,NA,NA,NA,NA,NA,NA,NA
Salamandridae,Paramesotriton,Paramesotriton caudopunctatus,M,134.2,71.5,NA,32.7,19.3,14.3,4.2,3.5,NA,NA,4.5,7.7,62.6,9.1,10.1,NA,NA,22.9,22.4,NA,NA,NA,NA,NA,NA,NA,NA
Salamandridae,Paramesotriton,Paramesotriton caudopunctatus,F,144.3,75.4,NA,36.1,18.4,13.4,4.6,3.4,NA,NA,4.4,7.1,68.4,9,9.4,NA,NA,21.5,22.5,NA,NA,NA,NA,NA,NA,NA,NA
Salamandridae,Paramesotriton,Paramesotriton chinensis,F,141.2,71.7,NA,NA,15.3,14.4,NA,NA,NA,NA,NA,NA,69.5,7.6,8.9,NA,NA,23.3,23.1,NA,NA,NA,NA,NA,NA,NA,NA
Salamandridae,Paramesotriton,Paramesotriton chinensis,M,133,72,NA,NA,16,14,NA,NA,NA,NA,NA,NA,61.2,7,9.5,NA,NA,23.6,23.8,NA,NA,NA,NA,NA,NA,NA,NA
Salamandridae,Paramesotriton,Paramesotriton guangxiensis,F,134.2,71,NA,29.5,21.2,16.1,4.2,4.4,NA,NA,NA,NA,36.2,9.1,12.5,NA,NA,21,19.9,NA,NA,NA,NA,NA,NA,NA,NA
Salamandridae,Paramesotriton,Paramesotriton guangxiensis,M,131.1,71.8,NA,29.4,21.9,17.1,4.7,4.5,NA,NA,NA,NA,59.2,8.4,13.9,NA,NA,21.6,21.4,NA,NA,NA,NA,NA,NA,NA,NA
Salamandridae,Paramesotriton,Paramesotriton hongkongensis,M,111.5,64.7,NA,24.5,16.1,14.3,5,5.2,NA,NA,NA,NA,47,8,9.4,NA,NA,21,22.2,NA,NA,NA,NA,NA,NA,NA,NA
Salamandridae,Paramesotriton,Paramesotriton hongkongensis,F,126.5,67.2,NA,29.5,16.7,14.5,5.2,4.9,NA,NA,NA,NA,59.5,7.9,8.5,NA,NA,21.3,20.3,NA,NA,NA,NA,NA,NA,NA,NA
Salamandridae,Paramesotriton,Paramesotriton labiatus,M,111.5,56.1,NA,27.6,16.1,10.9,6.4,NA,4,NA,3.1,NA,NA,NA,NA,NA,NA,14.6,15.2,NA,NA,NA,NA,NA,NA,NA,NA
Salamandridae,Paramesotriton,Paramesotriton labiatus,F,112.8,56.3,NA,27.7,15.9,10.7,6,NA,3.8,NA,3.1,NA,NA,NA,NA,NA,NA,13.8,14.2,NA,NA,NA,NA,NA,NA,NA,NA
Salamandridae,Paramesotriton,Paramesotriton longliensis,M,114,67.1,45.3,28.2,21.7,16,5.7,4.2,NA,NA,NA,7.1,46.9,8.1,9.2,NA,NA,20.9,22,NA,NA,NA,NA,NA,NA,NA,NA
Salamandridae,Paramesotriton,Paramesotriton longliensis,F,122.7,67.8,47.3,31.3,21.3,15.2,5.2,4.1,NA,NA,NA,6,54.1,7.4,8.9,NA,NA,20.7,22.4,NA,NA,NA,NA,NA,NA,NA,NA
Salamandridae,Paramesotriton,Paramesotriton maolanensis,M,184.7,94.1,NA,39,33.7,25.4,8.6,4.8,NA,NA,6.2,9.1,86.3,10.9,15.3,NA,NA,29,32.9,NA,NA,NA,NA,NA,NA,NA,NA
Salamandridae,Paramesotriton,Paramesotriton maolanensis,F,202.6,114.7,NA,55.4,36.6,27.9,9.7,5.2,NA,NA,6.2,9.8,91.1,12.2,12.6,NA,NA,31.9,35.5,NA,NA,NA,NA,NA,NA,NA,NA
Salamandridae,Paramesotriton,Paramesotriton qixilingensis,F,148.78,71.78,NA,35.05,19.84,17.61,NA,4.62,5.15,NA,4.33,7.79,76.99,NA,NA,NA,NA,26.8,26.86,NA,NA,NA,NA,NA,NA,NA,NA
Salamandridae,Paramesotriton,Paramesotriton qixilingensis,M,139.18,66.76,NA,29.53,19.76,16.76,NA,4.51,5.8,NA,4.08,7.94,72.42,NA,NA,NA,NA,27.48,26.81,NA,NA,NA,NA,NA,NA,NA,NA
Salamandridae,Paramesotriton,Paramesotriton wulingensis,F,128.8,69.3,NA,32.8,20.2,14.3,NA,4.8,NA,NA,4.8,7.6,61.5,7.2,10.6,NA,NA,20.9,20.3,1.95,2.5,3.5,NA,NA,NA,NA,NA
Salamandridae,Paramesotriton,Paramesotriton wulingensis,M,131.5,71.6,NA,27.3,20.4,15.1,NA,5.2,NA,NA,4.8,8.4,57.9,8,11.4,NA,NA,20.6,21.6,2.58,3.04,3.98,NA,NA,NA,NA,NA
Salamandridae,Paramesotriton,Paramesotriton yunwuensis,M,177.2,99.5,NA,41.5,30.7,NA,14.1,NA,8.8,NA,6.8,NA,77.6,NA,NA,NA,NA,23.5,27.6,NA,NA,NA,NA,NA,NA,NA,NA
Salamandridae,Paramesotriton,Paramesotriton yunwuensis,F,155.3,82.9,NA,36.2,25.2,NA,10.8,NA,6.8,NA,5.4,NA,72.4,NA,NA,NA,NA,22.9,23.3,NA,NA,NA,NA,NA,NA,NA,NA
Salamandridae,Paramesotriton,Paramesotriton zhijinensis,F,125,63,NA,NA,NA,NA,9.6,NA,NA,NA,4.5,NA,59.6,NA,NA,NA,NA,21.1,21.9,NA,NA,NA,NA,NA,NA,NA,NA
Salamandridae,Paramesotriton,Paramesotriton zhijinensis,M,113.1,58.1,NA,NA,NA,NA,9,NA,NA,NA,4.3,NA,51.5,NA,NA,NA,NA,19.7,19.7,NA,NA,NA,NA,NA,NA,NA,NA
Plethodontidae,Plethodon,Plethodon asupak,F,NA,67.2,NA,NA,15.3,9.6,2.8,NA,2,NA,2.9,NA,57.8,NA,NA,NA,NA,12.9,15.5,NA,NA,NA,NA,NA,NA,NA,NA
Plethodontidae,Plethodon,Plethodon asupak,M,NA,60.7,NA,NA,14.4,8.9,2.9,NA,1.8,NA,2.9,NA,50.6,NA,NA,NA,NA,12.5,14.3,NA,NA,NA,NA,NA,NA,NA,NA
Plethodontidae,Plethodon,Plethodon elongatus,F,NA,47.7,NA,NA,11.3,6.5,1.9,NA,1.3,NA,1.9,NA,49.7,NA,NA,NA,NA,8.6,10,NA,NA,NA,NA,NA,NA,NA,NA
Plethodontidae,Plethodon,Plethodon elongatus,M,NA,50.2,NA,NA,12.1,7.1,2.2,NA,1.5,NA,2,NA,41.4,NA,NA,NA,NA,8.8,10.4,NA,NA,NA,NA,NA,NA,NA,NA
Plethodontidae,Plethodon,Plethodon pauleyi,NA,57.5,NA,NA,NA,12.35,8.5,2.7,3,2.25,NA,2.5,NA,NA,4.1,NA,3.4,NA,12.15,15.55,1.5,1.85,2.4,1.6,NA,NA,NA,NA
Plethodontidae,Plethodon,Plethodon stormi,M,NA,62.9,NA,NA,14.5,8.7,2.6,NA,1.9,NA,2.6,NA,54,NA,NA,NA,NA,11.5,13.8,NA,NA,NA,NA,NA,NA,NA,NA
Plethodontidae,Plethodon,Plethodon stormi,F,NA,58.2,NA,NA,13.7,8.1,2.4,NA,1.8,NA,2.4,NA,52.9,NA,NA,NA,NA,10.9,13.1,NA,NA,NA,NA,NA,NA,NA,NA
Salamandridae,Pleurodeles,Pleurodeles nebulosus,F,NA,59.336,NA,NA,14.342,11.391,4.966,NA,NA,NA,NA,NA,64.654,NA,NA,NA,NA,16.127,NA,NA,NA,5.572,NA,NA,NA,NA,NA
Salamandridae,Pleurodeles,Pleurodeles nebulosus,M,NA,60.575,NA,NA,15.138,12.045,5.055,NA,NA,NA,NA,NA,79.425,NA,NA,NA,NA,19.725,NA,NA,NA,6.316,NA,NA,NA,NA,NA
Salamandridae,Pleurodeles,Pleurodeles poireti,M,NA,45.487,NA,NA,11.233,8.787,3.71,NA,NA,NA,NA,NA,61.025,NA,NA,NA,NA,14.787,NA,NA,NA,5.553,NA,NA,NA,NA,NA
Salamandridae,Pleurodeles,Pleurodeles poireti,F,NA,50.333,NA,NA,12.35,9.508,4.04,NA,NA,NA,NA,NA,56.766,NA,NA,NA,NA,13.55,NA,NA,NA,5.593,NA,NA,NA,NA,NA
Proteidae,Proteus,Proteus anguinus,NA,232.3,NA,133.4,NA,24.7,15.4,NA,NA,NA,NA,NA,NA,64.3,NA,NA,NA,NA,14.3,12.1,NA,NA,NA,NA,NA,NA,NA,NA
Plethodontidae,Pseudoeurycea,Pseudoeurycea ahuitzotl,M,NA,67,NA,35.4,14,10,3,2.1,NA,2.5,3.7,4.3,62.3,4.3,NA,4.3,NA,18.4,17.7,NA,NA,NA,NA,18.4,6,4.2,NA
Plethodontidae,Pseudoeurycea,Pseudoeurycea kuautli,M,NA,40.3,NA,19.3,10.2,6.4,NA,2.31,NA,NA,NA,NA,36.3,3.6,NA,4.2,NA,NA,NA,NA,NA,NA,NA,12.5,NA,NA,NA
Plethodontidae,Pseudoeurycea,Pseudoeurycea lineola,F,NA,39.5,NA,25.9,6.4,3.7,1.1,1.7,0.8,NA,1.1,NA,73.2,NA,NA,NA,NA,NA,NA,NA,NA,NA,NA,NA,NA,NA,NA
Plethodontidae,Pseudoeurycea,Pseudoeurycea lineola,M,NA,38.3,NA,24.2,6.5,3.7,1.2,1.7,0.8,NA,1.1,NA,71.2,NA,NA,NA,NA,NA,NA,NA,NA,NA,NA,NA,NA,NA,NA
Plethodontidae,Pseudoeurycea,Pseudoeurycea mixcoatl,M,NA,57.4,NA,30,13.5,8.6,2.5,2.3,NA,NA,3.2,4,58.3,3.4,NA,4.1,NA,15,15.5,NA,NA,NA,NA,17,4.8,NA,NA
Plethodontidae,Pseudoeurycea,Pseudoeurycea obesa,M,NA,58.2,NA,29,NA,10.2,3.9,NA,NA,1.9,NA,4,40.8,5.1,NA,5.6,NA,11.8,12.7,NA,NA,1.5,0.7,NA,NA,3.1,14.1
Plethodontidae,Pseudoeurycea,Pseudoeurycea orchileucos,M,NA,31,NA,19.3,5.9,3.4,1,1.6,0.8,NA,1,NA,59.8,NA,NA,NA,NA,NA,NA,NA,NA,NA,NA,NA,NA,NA,NA
Plethodontidae,Pseudoeurycea,Pseudoeurycea orchimelas,M,NA,31,NA,19.4,5.7,3.3,1.1,1.5,0.7,NA,1,NA,50.6,NA,NA,NA,NA,NA,NA,NA,NA,NA,NA,NA,NA,NA,NA
Plethodontidae,Pseudoeurycea,Pseudoeurycea orchimelas,F,NA,34.8,NA,22.2,6.1,3.5,1.1,1.5,0.7,NA,1,NA,67.5,NA,NA,NA,NA,NA,NA,NA,NA,NA,NA,NA,NA,NA,NA
Plethodontidae,Pseudoeurycea,Pseudoeurycea papenfussi,F,NA,85.3,NA,44.1,NA,12.3,3,NA,NA,3,3.6,NA,77.2,6.1,NA,6.4,NA,19.4,NA,NA,NA,5,2.7,NA,NA,NA,19.3
Plethodontidae,Pseudoeurycea,Pseudoeurycea tenchalli,M,NA,41.6,NA,22.8,10,7.3,2.2,1.7,NA,1.9,2.5,3.4,34.6,3,NA,3.3,NA,11.3,10.4,NA,NA,NA,NA,13.5,3.8,3,NA
Plethodontidae,Pseudoeurycea,Pseudoeurycea teotepec,F,NA,62.2,NA,36.1,12.2,9.2,2.2,4,NA,2.9,2.9,3.8,50.7,4.9,NA,5.1,NA,14.2,14.5,NA,NA,NA,NA,NA,3.9,4,NA
Plethodontidae,Pseudoeurycea,Pseudoeurycea tlahcuiloh,M,NA,58.2,NA,30.8,13.5,9.2,NA,NA,NA,2.4,3.1,4,58,3.7,NA,3.7,NA,15.4,16.6,NA,NA,NA,NA,NA,5.4,4,NA
Hynobiidae,Pseudohynobius,Pseudohynobius flavomaculatus,F,NA,85.8,NA,38.6,20.7,13.6,4.4,5.3,NA,NA,NA,NA,79,8.4,NA,NA,NA,21.4,25,NA,NA,NA,NA,NA,NA,NA,NA
Hynobiidae,Pseudohynobius,Pseudohynobius flavomaculatus,M,NA,87,NA,34.6,20.6,14.9,4.5,5.6,NA,NA,NA,NA,87.5,9.8,NA,NA,NA,22.4,23.5,NA,NA,NA,NA,NA,NA,NA,NA
Hynobiidae,Pseudohynobius,Pseudohynobius guizhouensis,F,178,98.3,74.7,48.4,23.7,15.3,4.2,5.9,NA,NA,NA,6.5,85.9,8.9,10.5,NA,NA,23.4,28.5,NA,NA,NA,NA,NA,NA,NA,NA
Hynobiidae,Pseudohynobius,Pseudohynobius guizhouensis,M,180,93.5,70,41.4,23.5,15.1,4.7,6,NA,NA,NA,6.6,86.5,9.5,11.7,NA,NA,23.4,26.6,NA,NA,NA,NA,NA,NA,NA,NA
Hynobiidae,Pseudohynobius,Pseudohynobius jinfo,F,NA,76.1,NA,37.2,16.2,13.1,3.9,5,NA,3,5.2,5.4,87.2,7.2,8.7,NA,NA,23.2,25.5,NA,NA,NA,NA,NA,NA,NA,NA
Hynobiidae,Pseudohynobius,Pseudohynobius jinfo,M,NA,86.1,NA,40.7,22.1,16,4.7,5.8,NA,3.5,6.1,6.4,112.6,8.1,9.8,NA,NA,24.2,26.1,NA,NA,NA,NA,NA,NA,NA,NA
Hynobiidae,Pseudohynobius,Pseudohynobius kuankuoshuiensis,M,162,93.5,NA,43.8,25,15.9,4.6,4.8,NA,4,6.1,6.7,68.5,11,8.9,NA,NA,26,26,NA,NA,NA,NA,NA,NA,NA,NA
Hynobiidae,Pseudohynobius,Pseudohynobius kuankuoshuiensis,F,150.4,89,NA,41.2,23.3,15.8,4.2,4.2,NA,3.4,6.1,6.8,61.4,8.1,9,NA,NA,22.7,27,NA,NA,NA,NA,NA,NA,NA,NA
Hynobiidae,Pseudohynobius,Pseudohynobius puxiongensis,M,NA,71.4,NA,31.5,16.8,11.3,3.3,4.4,NA,NA,NA,NA,41.6,7.4,5.7,NA,NA,19.7,20.8,NA,NA,NA,NA,NA,NA,NA,NA
Hynobiidae,Pseudohynobius,Pseudohynobius shuichengensis,F,202.1,106,NA,49.6,18.2,13.3,4.7,6.2,NA,NA,NA,NA,96.1,11.5,11.9,NA,NA,26.8,32.4,NA,NA,NA,NA,NA,NA,NA,NA
Hynobiidae,Pseudohynobius,Pseudohynobius shuichengensis,M,196.5,101.7,NA,43.2,26.7,15.3,4.7,6.2,NA,NA,NA,NA,95.7,12.8,12.2,NA,NA,29.4,26,NA,NA,NA,NA,NA,NA,NA,NA
Hynobiidae,Ranodon,Ranodon sibiricus,NA,192,66,NA,NA,20,NA,NA,NA,NA,NA,NA,NA,106,NA,NA,NA,NA,NA,NA,NA,NA,NA,NA,NA,NA,NA,NA
Rhyacotritonidae,Rhyacotriton,Rhyacotriton cascadae,F,NA,49.5,NA,27,9.5,7.5,NA,NA,NA,NA,NA,NA,37,NA,NA,NA,NA,11,12.5,NA,NA,NA,NA,NA,NA,NA,NA
Rhyacotritonidae,Rhyacotriton,Rhyacotriton kezeri,F,NA,59,NA,32,10.5,9,NA,NA,NA,NA,NA,NA,31,NA,NA,NA,NA,12,14.5,NA,NA,NA,NA,NA,NA,NA,NA
Salamandridae,Salamandra,Salamandra algira,M,175.19,99.16,NA,NA,20.82,14.57,6.17,5.05,4.81,NA,NA,NA,NA,NA,NA,NA,NA,32.6,33.26,NA,NA,NA,NA,NA,NA,NA,NA
Salamandridae,Salamandra,Salamandra atra,M,107.7,58.2,NA,30.1,14.7,NA,NA,3.6,NA,NA,4.6,NA,49.9,NA,NA,NA,NA,20.2,22.2,NA,NA,9.9,NA,NA,NA,NA,NA
Salamandridae,Salamandra,Salamandra atra,F,107.9,59.6,NA,31.8,14.8,NA,NA,3.6,NA,NA,4.7,NA,48.5,NA,NA,NA,NA,18.2,20.9,NA,NA,9.4,NA,NA,NA,NA,NA
Salamandridae,Salamandra,Salamandra infraimmaculata,F,91.79,48.65,NA,NA,NA,NA,NA,NA,NA,NA,NA,NA,43.32,NA,NA,NA,NA,NA,NA,NA,NA,NA,NA,NA,NA,NA,NA
Salamandridae,Salamandra,Salamandra infraimmaculata,M,116,59.39,NA,NA,NA,NA,NA,NA,NA,NA,NA,NA,56.87,NA,NA,NA,NA,NA,NA,NA,NA,NA,NA,NA,NA,NA,NA
Salamandridae,Salamandra,Salamandra lanzai,F,137.5,74,NA,37.6,19.1,NA,NA,4.7,NA,NA,6.1,NA,63,NA,NA,NA,NA,22.5,26.1,NA,NA,10.8,NA,NA,NA,NA,NA
Salamandridae,Salamandra,Salamandra lanzai,M,138.3,74.2,NA,37.3,18.4,NA,4.4,4.7,NA,NA,5.9,NA,64.6,NA,NA,NA,NA,25.7,27.7,NA,NA,11.5,NA,NA,NA,NA,NA
Salamandridae,Salamandra,Salamandra salamandra,M,177.35,106.59,NA,NA,22.6,18.89,9.13,6.92,NA,NA,6.1,NA,78.1,NA,NA,NA,NA,31.84,36.65,NA,NA,14.63,NA,NA,NA,NA,NA
Salamandridae,Salamandra,Salamandra salamandra,M,175.81,104.61,NA,NA,22.46,19.57,11.54,7.03,NA,NA,6.37,NA,76.6,NA,NA,NA,NA,29.67,34.05,NA,NA,13.72,NA,NA,NA,NA,NA
Hynobiidae,Salamandrella,Salamandrella keyserlingii,M,83.8,48.8,NA,NA,11.4,8.9,NA,NA,NA,NA,NA,NA,35,4.6,5,NA,NA,NA,NA,NA,NA,NA,NA,NA,NA,NA,NA
Hynobiidae,Salamandrella,Salamandrella keyserlingii,F,81.3,49.7,NA,NA,11.3,8.7,NA,NA,NA,NA,NA,NA,31.7,4.3,5,NA,NA,NA,NA,NA,NA,NA,NA,NA,NA,NA,NA
Sirenidae,Siren,Siren intermedia,NA,NA,14.8,NA,NA,19.7,12.5,NA,NA,NA,NA,NA,NA,7.5,NA,NA,NA,NA,NA,NA,NA,NA,NA,NA,NA,NA,NA,NA
Sirenidae,Siren,Siren lacertina,NA,NA,35.8,NA,NA,50.4,35.1,NA,NA,NA,NA,NA,NA,17.1,NA,NA,NA,NA,NA,NA,NA,NA,NA,NA,NA,NA,NA,NA
Sirenidae,Siren,Siren reticulata,NA,NA,33.4,NA,NA,36.1,24.2,NA,NA,NA,NA,NA,NA,19.1,NA,NA,NA,NA,NA,NA,NA,NA,NA,NA,NA,NA,NA,NA
Salamandridae,Taricha,Taricha granulosa,F,160,NA,NA,NA,NA,NA,NA,NA,NA,NA,NA,NA,NA,NA,NA,NA,NA,NA,NA,NA,NA,NA,NA,NA,NA,NA,NA
Salamandridae,Taricha,Taricha granulosa,M,181,NA,NA,NA,NA,NA,NA,NA,NA,NA,NA,NA,NA,NA,NA,NA,NA,NA,NA,NA,NA,NA,NA,NA,NA,NA,NA
Plethodontidae,Thorius,Thorius grandis,F,NA,26,NA,15.4,4.6,3.2,1.7,1.1,NA,0.7,0.7,1.2,25,2.3,NA,3,NA,3.6,4,NA,NA,NA,NA,6.4,NA,1.2,NA
Plethodontidae,Thorius,Thorius grandis,M,NA,27,NA,NA,4.909090909,3.461538462,NA,NA,NA,NA,NA,NA,NA,NA,NA,NA,NA,NA,NA,NA,NA,NA,NA,NA,NA,NA,NA
Plethodontidae,Thorius,Thorius infernalis,M,NA,18.8,NA,10.3,3.3,2.7,1.3,1,NA,0.5,0.6,0.8,20.1,1.5,NA,1.8,NA,2.9,3.4,NA,NA,NA,NA,5.2,NA,1.1,NA
Plethodontidae,Thorius,Thorius infernalis,F,NA,18.6,NA,NA,NA,NA,NA,NA,NA,NA,NA,NA,NA,NA,NA,NA,NA,NA,NA,NA,NA,NA,NA,NA,NA,NA,NA
Plethodontidae,Thorius,Thorius omiltemi,M,NA,24.9,NA,NA,4.788,3.1125,NA,NA,NA,NA,NA,NA,NA,NA,NA,NA,NA,NA,NA,NA,NA,NA,NA,NA,NA,NA,NA
Plethodontidae,Thorius,Thorius omiltemi,F,NA,29.6,NA,17.2,4.9,3.6,2.2,1.3,NA,0.6,0.7,1,31.1,2.1,NA,2.5,NA,4,4,NA,NA,NA,NA,7.1,NA,1.5,NA
Salamandridae,Triturus,Triturus anatolicus,M,111.1428571,62.14285714,NA,NA,16.6,11.34285714,NA,NA,NA,NA,NA,NA,NA,NA,NA,NA,NA,21.48571429,23.61428571,NA,7.642857143,NA,NA,NA,NA,NA,NA
Salamandridae,Triturus,Triturus anatolicus,F,122.1428571,64.57142857,NA,NA,17.57142857,12.12857143,NA,NA,NA,NA,NA,NA,NA,NA,NA,NA,NA,22.18571429,22.54285714,NA,8.157142857,NA,NA,NA,NA,NA,NA
Salamandridae,Triturus,Triturus ivanbureschi,M,102.875,60.75,NA,NA,15.1,10.95,NA,NA,NA,NA,NA,NA,NA,NA,NA,NA,NA,21.75,22.3,NA,8.225,NA,NA,NA,NA,NA,NA
Salamandridae,Triturus,Triturus ivanbureschi,F,111.9,60.43333333,NA,NA,15.16,11.02666667,NA,NA,NA,NA,NA,NA,NA,NA,NA,NA,NA,20.40666667,20.19333333,NA,7.013333333,NA,NA,NA,NA,NA,NA
Salamandridae,Tylototriton,Tylototriton anguliceps,F,NA,70.6,54.0796,37.2768,16.5204,16.0262,7.3424,3.1064,4.0242,1.9062,4.589,6.0716,64.3872,5.5068,NA,7.1306,3.53,21.3212,23.5098,3.6712,4.5184,6.354,2.3298,NA,NA,NA,NA
Salamandridae,Tylototriton,Tylototriton anguliceps,M,NA,61.8,44.60025,29.3571,17.22285,14.24735,6.7376,3.4622,3.80105,2.1644,4.3288,6.02585,61.6328,5.4384,NA,7.298,3.24555,20.8961,22.89865,4.11355,4.60445,5.65575,2.2908,NA,NA,NA,NA
Salamandridae,Tylototriton,Tylototriton anhuiensis,F,129.4,68.1,52.9,36.1,15.6,NA,7.5,3.4,NA,NA,NA,4,61.3,4.2,NA,NA,NA,20.6,22.5,NA,NA,NA,NA,NA,NA,NA,NA
Salamandridae,Tylototriton,Tylototriton anhuiensis,M,132.4,69.2,55,38,15.6,NA,7.5,3.7,NA,NA,NA,3.5,63.3,4.2,NA,NA,NA,20.9,21.6,NA,NA,NA,NA,NA,NA,NA,NA
Salamandridae,Tylototriton,Tylototriton asperrimus,M,128.5,65.8,NA,31.9,15,16.3,NA,NA,NA,NA,NA,NA,61.8,9.3,7.9,NA,NA,19.7,20,NA,NA,NA,NA,NA,NA,NA,NA
Salamandridae,Tylototriton,Tylototriton asperrimus,F,NA,87,NA,NA,24.2,19.8,NA,NA,NA,NA,NA,NA,87.5,6.6,8.7,NA,NA,NA,NA,NA,NA,NA,NA,NA,NA,NA,NA
Salamandridae,Tylototriton,Tylototriton broadoridgus,F,149.03,83.3,NA,39.7,20.5,19.6,8.3,4.3,NA,NA,4.7,6.4,64.7,9.37,9.8,NA,NA,23.07,25.3,NA,NA,NA,NA,NA,NA,NA,NA
Salamandridae,Tylototriton,Tylototriton broadoridgus,M,125.7,66.5,NA,28.9,18,16.5,7,4.2,NA,NA,5,6.2,59.8,8.6,10.8,NA,NA,20.9,22.1,NA,NA,NA,NA,NA,NA,NA,NA
Salamandridae,Tylototriton,Tylototriton dabienicus,F,145.4,76.1,58.9,37.5,20.4,15.8,NA,NA,NA,NA,NA,5.1,69.4,6.4,8.1,NA,NA,22,23.4,NA,NA,NA,NA,NA,NA,NA,NA
Salamandridae,Tylototriton,Tylototriton hainanensis,F,133.9,76.3,NA,37.2,19.4,19.4,NA,4.8,NA,NA,NA,NA,57.6,6.4,8.4,NA,NA,21.6,21.8,NA,NA,NA,NA,NA,NA,NA,NA
Salamandridae,Tylototriton,Tylototriton hainanensis,M,140,75,NA,34.6,16.9,19.4,NA,4,NA,NA,NA,NA,65.4,11,10.2,NA,NA,20,21.4,NA,NA,NA,NA,NA,NA,NA,NA
Salamandridae,Tylototriton,Tylototriton himalayanus,M,141.05,71.92,57.47,38.53,17.63,NA,NA,NA,4.77,2.37,6.07,14.9,70.45,4.28,NA,10.1,3.77,26.03,NA,NA,NA,NA,NA,NA,NA,NA,NA
Salamandridae,Tylototriton,Tylototriton himalayanus,F,152.55,76.06,58.63,39.26,19.73,NA,NA,NA,4.82,2.86,6.24,15.13,76.48,4.67,NA,9.83,3.83,27.49,NA,NA,NA,NA,NA,NA,NA,NA,NA
Salamandridae,Tylototriton,Tylototriton kachinorum,M,68.6,NA,51.6,34,18.9,17.2,7.7,3.3,4.7,2.4,5.3,7.1,78.9,9.5,NA,10.5,3.5,27,28.7,NA,NA,NA,NA,NA,NA,NA,NA
Salamandridae,Tylototriton,Tylototriton kachinorum,F,78.7,NA,63.7,44.4,19.2,19.9,8.2,3.9,5.1,2.6,6.3,8,84,9.2,NA,11.7,4,28,30.6,NA,NA,NA,NA,NA,NA,NA,NA
Salamandridae,Tylototriton,Tylototriton kweichowensis,M,173.4,96.2,NA,NA,18,20.1,NA,5.5,NA,NA,5.8,6.7,73.5,8.7,13.9,NA,NA,NA,NA,NA,NA,NA,NA,NA,NA,NA,NA
Salamandridae,Tylototriton,Tylototriton kweichowensis,F,192.5,110.8,NA,NA,20.7,20.8,NA,5.7,NA,NA,5.3,7.2,81.3,8.6,12.8,NA,NA,NA,NA,NA,NA,NA,NA,NA,NA,NA,NA
Salamandridae,Tylototriton,Tylototriton liuyangensis,M,127.6,69.4,NA,35.4,16.5,16.1,8.6,4,NA,NA,NA,5.9,58.2,7.8,7.5,NA,NA,19.9,19.8,NA,NA,NA,NA,NA,NA,NA,NA
Salamandridae,Tylototriton,Tylototriton liuyangensis,F,145.2,84,NA,44.5,19.5,19.2,9.6,4.7,NA,NA,NA,6.6,61.9,9.6,8.6,NA,NA,22.8,23.3,NA,NA,NA,NA,NA,NA,NA,NA
Salamandridae,Tylototriton,Tylototriton lizhengchangi,M,NA,61.85,47,31.85,14.85,14.15,7.25,2.3,3.85,1.75,5.2,6.65,61.85,5.2,NA,6.2,2.65,22.6,24.85,3.75,4.25,5.6,2.35,NA,NA,NA,NA
Salamandridae,Tylototriton,Tylototriton ngarsuensis,M,NA,75.65,56.65,37.1,18.9,19.9,NA,NA,NA,NA,6.35,NA,76.25,NA,NA,NA,NA,30.1,33.65,NA,NA,NA,NA,NA,NA,NA,NA
Salamandridae,Tylototriton,Tylototriton ngarsuensis,F,NA,102.3,79.3,52.4,22,27.2,NA,NA,NA,NA,7.9,NA,107,NA,NA,NA,NA,36.3,39.6,NA,NA,NA,NA,NA,NA,NA,NA
Salamandridae,Tylototriton,Tylototriton notialis,F,NA,76.16,NA,NA,20.86,NA,9.11,2.94,3.79,NA,6.46,NA,65.14,NA,9.39,NA,NA,26.74,28.26,NA,NA,NA,NA,NA,NA,NA,NA
Salamandridae,Tylototriton,Tylototriton panhai,F,NA,71.6,53.9864,36.516,17.6136,16.8976,7.5896,2.9356,3.8664,2.506,5.37,7.3748,63.2944,5.8712,NA,8.8784,3.8664,20.1912,22.4108,3.222,3.5084,6.0144,NA,NA,3.0072,NA,NA
Salamandridae,Tylototriton,Tylototriton panhai,M,NA,73.8,54.3537,36.3834,19.4463,17.3799,6.642,3.8007,4.9077,2.7675,5.2029,7.5645,68.265,5.4981,NA,9.5571,3.2472,23.3577,27.6012,4.3173,5.1291,7.0848,NA,NA,1.3284,NA,NA
Salamandridae,Tylototriton,Tylototriton pasmansi,M,NA,66.59,45.81,30.26,18.79,12.47,8.61,3.24,3.66,NA,5.71,NA,57.96,NA,7.87,NA,NA,22.44,24.18,NA,NA,NA,NA,NA,NA,NA,NA
Salamandridae,Tylototriton,Tylototriton pasmansi,F,NA,76.82,53.52,37.56,22.39,10.5,10.13,3.86,3.73,NA,7.37,NA,65.77,NA,9.44,NA,NA,24.79,25.98,NA,NA,NA,NA,NA,NA,NA,NA
Salamandridae,Tylototriton,Tylototriton podichthys,F,140.4,75.5,NA,37.1,20.7,NA,NA,NA,4.4,NA,4.9,NA,65,NA,7.9,NA,NA,25.2,24.7,NA,NA,NA,NA,NA,NA,NA,NA
Salamandridae,Tylototriton,Tylototriton podichthys,M,127.1,66.9,NA,31,19.1,NA,NA,NA,4.1,NA,4.5,NA,60.2,NA,7.2,NA,NA,23.3,22.7,NA,NA,NA,NA,NA,NA,NA,NA
Salamandridae,Tylototriton,Tylototriton shanjing,M,140,73.6,NA,NA,18.4,15.6,NA,NA,NA,NA,NA,NA,66.2,6.3,8.3,NA,NA,22.2,23.1,NA,NA,NA,NA,NA,NA,NA,NA
Salamandridae,Tylototriton,Tylototriton shanjing,F,157.3,83.3,NA,NA,20.2,17,NA,NA,NA,NA,NA,NA,74,6.9,8.4,NA,NA,24,25.8,NA,NA,NA,NA,NA,NA,NA,NA
Salamandridae,Tylototriton,Tylototriton shanorum,M,NA,76,58.976,37.696,17.024,19.304,NA,NA,NA,NA,5.092,NA,84.512,NA,NA,NA,NA,26.372,28.272,NA,NA,NA,NA,NA,NA,NA,NA
Salamandridae,Tylototriton,Tylototriton shanorum,F,NA,82.2,61.6899,41.70555,20.5899,21.04485,NA,NA,NA,NA,5.06385,NA,80.0856,NA,NA,NA,NA,26.409,29.8785,NA,NA,NA,NA,NA,NA,NA,NA
Salamandridae,Tylototriton,Tylototriton sparreboomi,M,NA,65.14,43.31,30.56,18.71,10,8.78,3.26,4.4,NA,5.67,NA,55.97,NA,8,NA,NA,23.23,23.46,NA,NA,NA,NA,NA,NA,NA,NA
Salamandridae,Tylototriton,Tylototriton taliangensis,F,212.5,103,NA,53,20.8,19.9,NA,5,NA,NA,6.1,7.9,108.5,NA,10.9,NA,NA,NA,NA,NA,NA,NA,NA,NA,NA,NA,NA
Salamandridae,Tylototriton,Tylototriton taliangensis,M,205.8,93.1,NA,45,19.5,18.6,NA,4.5,NA,NA,6.2,7.6,121,NA,12.2,NA,NA,NA,NA,NA,NA,NA,NA,NA,NA,NA,NA
Salamandridae,Tylototriton,Tylototriton uyenoi,F,NA,68.1,51.2793,33.2328,16.8207,17.025,7.491,3.405,4.5627,2.5878,4.767,6.6057,78.315,5.7885,NA,8.4444,3.3369,23.3583,25.5375,4.2903,4.6989,6.4014,NA,NA,5.0394,NA,NA
Salamandridae,Tylototriton,Tylototriton verrucosus,M,NA,74.8,NA,34.8,16.8,15.7,10.3,NA,5.1,NA,6.3,NA,74.1,NA,NA,NA,NA,24,NA,NA,NA,NA,NA,NA,NA,NA,NA
Salamandridae,Tylototriton,Tylototriton vietnamensis,M,118.4,50.66666667,NA,NA,17.16666667,NA,NA,NA,4.133333333,NA,5.666666667,NA,63.13333333,NA,NA,NA,NA,18.16666667,20.66666667,NA,NA,NA,NA,NA,NA,NA,NA
Salamandridae,Tylototriton,Tylototriton wenxianensis,M,NA,72,NA,33.5,16.2,16.1,7.1,3.9,NA,NA,NA,NA,58.6,6.5,8.4,NA,NA,21.7,22.1,NA,NA,NA,NA,NA,NA,NA,NA
Salamandridae,Tylototriton,Tylototriton ziegleri,F,NA,70.8,52.3,37.3,18.5,18.2,8.2,2.9,4.3,1.9,6,7.1,71.4,6.3,NA,7,2.9,22.2,26.1,3.8,4,6,2,NA,NA,NA,NA
Salamandridae,Tylototriton,Tylototriton ziegleri,M,NA,61.9,46,30.4,15.9,15.5,7.5,2.9,4.3,2.2,5.6,6.8,65.2,5.6,NA,7.4,2.9,19.8,22,3.3,3.8,5.3,2.2,NA,NA,NA,NA
