Family,Genus,Species,Sex,TOL,TL,TAW,SL,STFG,STSG,STTG,TA1,TA2,PVA,TRL,SVL,HL,HW1,HW2,BW1,BW2,BW3,IND,ED,EN,IOD,NS,ITD,TE,TN,TLP,TS,TJ,EJ,NJ,SJ,LJL,C1,C2,VL,VA
Herpelidae,Boulengerula,Boulengerula boulengeri,NA,265,NA,NA,NA,NA,NA,NA,130,NA,NA,NA,NA,NA,5.1,NA,NA,6.1,NA,NA,NA,NA,NA,NA,NA,NA,NA,NA,NA,NA,NA,NA,NA,NA,NA,NA,NA,NA
Herpelidae,Boulengerula,Boulengerula changamwensis,M,182,NA,NA,NA,NA,NA,NA,142,NA,NA,NA,NA,4.6,2.8,NA,NA,4,NA,NA,NA,NA,NA,NA,NA,NA,NA,NA,NA,NA,NA,NA,NA,NA,NA,NA,NA,NA
Herpelidae,Boulengerula,Boulengerula fischeri,F,191,NA,NA,NA,NA,NA,NA,186,NA,NA,NA,NA,5.6,2.8,NA,NA,3,NA,NA,NA,NA,NA,NA,NA,NA,NA,NA,NA,NA,NA,NA,NA,NA,NA,NA,NA,NA
Herpelidae,Boulengerula,Boulengerula niedeni,F,245.5,0.8,NA,NA,NA,NA,NA,142,NA,NA,NA,NA,5.35,3.6,3.85,NA,4.75,2.85,1.5,NA,NA,NA,NA,3,NA,1.6,NA,2,1.8,NA,3.45,3.85,NA,1.7,NA,NA,NA
Herpelidae,Boulengerula,Boulengerula niedeni,M,209.5,0.725,NA,NA,NA,NA,NA,141,NA,NA,NA,NA,5.275,3.75,4.225,NA,4.45,3.05,1.425,NA,NA,NA,NA,3.05,NA,1.475,NA,1.8,1.825,NA,3.425,3.75,NA,1.7,NA,NA,NA
Herpelidae,Boulengerula,Boulengerula spawlsi,M,232,NA,NA,NA,4.9,NA,NA,154,NA,NA,NA,NA,NA,2.9,NA,NA,3.5,2.1,1.1,NA,NA,NA,NA,2.1,NA,1.2,0.3,1.8,2.1,NA,3.5,4.4,NA,1.5,1.9,NA,NA
Herpelidae,Boulengerula,Boulengerula spawlsi,F,231,NA,NA,NA,5.6,NA,NA,153,NA,NA,NA,NA,NA,3.4,NA,NA,3.7,2.2,1.3,NA,NA,NA,NA,2.4,NA,1.2,0.3,2,2.5,NA,4.1,4.6,NA,1.3,1.6,NA,NA
Herpelidae,Boulengerula,Boulengerula taitana,M,355,NA,NA,NA,NA,NA,NA,142,NA,NA,NA,NA,NA,4.2,NA,NA,7,NA,NA,NA,NA,NA,NA,NA,NA,NA,NA,NA,NA,NA,NA,NA,NA,NA,NA,NA,NA
Herpelidae,Boulengerula,Boulengerula uluguruensis,NA,266,NA,NA,NA,NA,NA,NA,144,NA,NA,NA,NA,NA,4,NA,NA,6,NA,NA,NA,NA,NA,NA,NA,NA,NA,NA,NA,NA,NA,NA,NA,NA,NA,NA,NA,NA
Siphonopidae,Brasilotyphlus,Brasilotyphlus braziliensis,NA,203.5,NA,NA,NA,NA,NA,NA,144.5,NA,NA,NA,NA,4.5,3.9,NA,NA,4.5,NA,1.2,NA,NA,NA,NA,2.6,NA,2.05,0.2,NA,0.8,NA,NA,NA,1.4,NA,NA,NA,2
Siphonopidae,Brasilotyphlus,Brasilotyphlus dubium,M,181,NA,NA,NA,NA,NA,NA,128,NA,NA,NA,NA,5.1,3.5,NA,NA,4.3,NA,1.5,NA,NA,NA,NA,3.2,NA,1.6,0.3,NA,1.4,NA,NA,NA,NA,NA,NA,NA,2
Siphonopidae,Brasilotyphlus,Brasilotyphlus dubium,F,182,NA,NA,NA,NA,NA,NA,123,NA,NA,NA,NA,4.7,3.2,NA,NA,3.6,NA,1.2,NA,NA,NA,NA,2.7,NA,1.6,0.3,NA,1.7,NA,NA,NA,1.866666667,NA,NA,NA,2
Siphonopidae,Brasilotyphlus,Brasilotyphlus guarantanus,NA,328,NA,NA,NA,NA,NA,NA,162,NA,NA,NA,NA,5.1,3.9,NA,NA,5.7,NA,1.8,NA,NA,NA,NA,NA,NA,2,0.4,NA,1.5,NA,NA,NA,1.3,NA,NA,NA,2
Caeciliidae,Caecilia,Caecilia abitaguae,M,432,NA,NA,NA,12.6,14.9,19.4,141,NA,NA,NA,NA,NA,11,NA,9.7,NA,NA,NA,NA,4.3,NA,NA,NA,4.8,2,NA,NA,NA,NA,NA,NA,NA,NA,NA,NA,NA
Caeciliidae,Caecilia,Caecilia abitaguae,F,1303,NA,NA,NA,NA,NA,NA,148,NA,NA,NA,NA,NA,NA,NA,22.1,NA,NA,NA,NA,NA,NA,NA,NA,NA,NA,NA,NA,NA,NA,NA,NA,NA,NA,NA,NA,NA
Caeciliidae,Caecilia,Caecilia attenuata,NA,910,NA,NA,NA,18.4,21.3,27.5,182,NA,NA,NA,NA,NA,NA,12,10.4,NA,NA,1.4,NA,NA,NA,NA,NA,8,2.3,NA,NA,NA,NA,NA,NA,NA,NA,NA,NA,NA
Caeciliidae,Caecilia,Caecilia bokermanni,NA,333,NA,NA,NA,8.6,10.7,13,192,NA,NA,NA,NA,NA,NA,5.2,5,NA,NA,NA,NA,NA,NA,NA,NA,2.6,1,NA,NA,NA,NA,NA,NA,NA,NA,NA,NA,NA
Caeciliidae,Caecilia,Caecilia dunni,NA,455,NA,NA,NA,NA,NA,NA,124,NA,NA,NA,NA,NA,NA,9.5,13,NA,NA,NA,NA,NA,NA,NA,NA,NA,NA,NA,NA,NA,NA,NA,NA,NA,NA,NA,NA,NA
Caeciliidae,Caecilia,Caecilia gracilis,NA,417,NA,NA,NA,NA,NA,NA,192.7,NA,NA,NA,NA,NA,5,NA,NA,6.5,NA,1.7,NA,2.2,3.2,NA,2.2,2.2,0.8,4.4,NA,NA,NA,NA,NA,NA,NA,NA,NA,NA
Caeciliidae,Caecilia,Caecilia inca,M,1069,NA,NA,NA,NA,27,NA,158,NA,NA,NA,NA,NA,NA,12.5,16,NA,NA,NA,NA,NA,NA,NA,NA,7,2.5,NA,NA,NA,NA,NA,NA,NA,NA,NA,NA,NA
Caeciliidae,Caecilia,Caecilia leucocephala,NA,455,NA,NA,NA,NA,NA,NA,118,NA,NA,NA,NA,NA,NA,NA,11,NA,NA,NA,NA,NA,NA,NA,NA,NA,NA,NA,NA,NA,NA,NA,NA,NA,NA,NA,NA,NA
Caeciliidae,Caecilia,Caecilia mertensi,F,495,NA,NA,NA,NA,NA,NA,142,NA,NA,NA,NA,12,9,NA,NA,12.5,11,3.5,NA,NA,5.7,NA,NA,4,1.9,NA,NA,NA,NA,NA,NA,NA,NA,NA,NA,NA
Caeciliidae,Caecilia,Caecilia museugoeldi,M,548,NA,NA,NA,NA,NA,NA,152,NA,NA,NA,NA,11.3,8.5,NA,NA,8.4,6.1,2.3,NA,NA,5.4,NA,3.5,4.5,1.2,NA,NA,7.5,4.3,NA,NA,NA,NA,NA,NA,3
Caeciliidae,Caecilia,Caecilia nigricans,NA,476,NA,NA,NA,NA,NA,NA,163,NA,NA,NA,NA,NA,NA,9.3,7.2,NA,NA,NA,NA,NA,NA,NA,NA,NA,NA,NA,NA,NA,NA,NA,NA,NA,NA,NA,NA,NA
Caeciliidae,Caecilia,Caecilia pulchraserrana,F,211,NA,NA,3.2,NA,NA,NA,NA,NA,NA,NA,NA,6.166666667,NA,4.8,NA,7.6,4.366666667,1.633333333,0.3,2.3,2.733333333,0.733333333,2.166666667,2.4,0.813333333,NA,NA,NA,NA,NA,6.033333333,NA,1.2,1.433333333,2.733333333,NA
Caeciliidae,Caecilia,Caecilia pulchraserrana,M,207,NA,NA,2.6,NA,NA,NA,NA,NA,NA,NA,NA,6.1,NA,4.3,NA,5.85,3.85,1.55,0.4,1.95,2.45,0.5,2,2,0.68,NA,NA,NA,NA,NA,5.65,NA,1.4,1.95,2.75,NA
Caeciliidae,Caecilia,Caecilia tentaculata,NA,513.6,NA,NA,NA,NA,NA,NA,119.7,NA,NA,NA,NA,NA,11.7,NA,NA,17.2,NA,4.1,NA,4.8,7.3,NA,5.2,5.5,2.3,10.4,NA,NA,NA,NA,NA,NA,NA,NA,NA,NA
Caeciliidae,Caecilia,Caecilia tenuissima,NA,390,NA,NA,NA,NA,NA,12.1,186,NA,NA,NA,NA,NA,NA,5.7,NA,NA,NA,NA,NA,NA,NA,NA,NA,2.8,1,NA,NA,NA,NA,NA,NA,NA,NA,NA,NA,NA
Chikilidae,Chikila,Chikila alcocki,F,243.25,NA,NA,NA,NA,NA,NA,90,NA,NA,NA,NA,NA,5.825,NA,4.85,8.2,5.05,1.5125,NA,NA,NA,0.9375,2.9125,NA,1.1,3.7375,2.175,NA,NA,5.25,6.1625,NA,2.1625,3.25,NA,NA
Chikilidae,Chikila,Chikila alcocki,M,233.1428571,NA,NA,NA,NA,NA,NA,91.85714286,NA,NA,NA,NA,NA,5.828571429,NA,4.8,7.985714286,5.4,1.585714286,NA,NA,NA,1.042857143,3.042857143,NA,1.142857143,3.857142857,2.171428571,NA,NA,5.385714286,6.271428571,NA,2.157142857,3.542857143,NA,NA
Chikilidae,Chikila,Chikila darlong,M,162.625,NA,NA,NA,NA,NA,NA,89.625,NA,NA,NA,NA,NA,4,NA,3.3625,5.075,3.925,1.125,NA,NA,NA,0.7625,2.05,NA,0.85,2.7375,1.6125,NA,NA,3.9375,4.7,NA,1.2875,2.2875,NA,NA
Chikilidae,Chikila,Chikila darlong,F,145.5,NA,NA,NA,NA,NA,NA,89.125,NA,NA,NA,NA,NA,3.4875,NA,2.9625,4.6875,2.975,0.975,NA,NA,NA,0.725,1.8125,NA,0.8,2.4,1.45,NA,NA,3.5125,4.0625,NA,1.3,2.225,NA,NA
Chikilidae,Chikila,Chikila fulleri,F,196.75,NA,NA,NA,NA,NA,NA,91,NA,NA,NA,NA,NA,4.522222222,NA,3.988888889,5.888888889,4.311111111,1.366666667,NA,NA,NA,0.811111111,2.455555556,NA,1.011111111,3.1,1.877777778,NA,NA,4.366666667,5.244444444,NA,1.677777778,2.877777778,NA,NA
Chikilidae,Chikila,Chikila fulleri,M,177.75,NA,NA,NA,NA,NA,NA,90.5,NA,NA,NA,NA,NA,4.4,NA,3.825,5.525,4.2,1.325,NA,NA,NA,0.875,2.425,NA,0.95,3.125,1.825,NA,NA,4.4,5.675,NA,1.65,2.975,NA,NA
Chikilidae,Chikila,Chikila gaiduwani,M,236.1818182,NA,NA,NA,NA,NA,NA,93.63636364,NA,NA,NA,NA,NA,5.727272727,NA,4.918181818,7.190909091,5.581818182,1.518181818,NA,NA,NA,0.990909091,3.063636364,NA,1.018181818,3.936363636,2.190909091,NA,NA,5.309090909,6.481818182,NA,1.927272727,3.163636364,NA,NA
Chikilidae,Chikila,Chikila gaiduwani,F,219.3333333,NA,NA,NA,NA,NA,NA,93.22222222,NA,NA,NA,NA,NA,4.977777778,NA,4.144444444,6.555555556,4.833333333,1.333333333,NA,NA,NA,0.8625,2.566666667,NA,0.866666667,3.211111111,1.925,NA,NA,4.355555556,5.466666667,NA,1.822222222,2.833333333,NA,NA
Typhlonectidae,Chthonerpeton,Chthonerpeton braestrupi,F,350,NA,NA,NA,NA,NA,NA,102,NA,NA,NA,NA,12.9,9.6,NA,NA,9,NA,3.2,NA,3.8,5.3,NA,NA,1.5,2,NA,NA,NA,NA,NA,NA,NA,NA,NA,NA,NA
Typhlonectidae,Chthonerpeton,Chthonerpeton exile,M,250,NA,NA,NA,NA,NA,NA,88,NA,NA,NA,NA,8.4,6.6,NA,NA,8,NA,2,NA,2.5,3.3,NA,NA,0.9,1.5,NA,NA,NA,NA,NA,NA,NA,NA,NA,NA,NA
Typhlonectidae,Chthonerpeton,Chthonerpeton noctinectes,F,299.5,NA,NA,NA,NA,NA,NA,98.5,NA,NA,NA,NA,6.71,8.5,NA,NA,10.35,5.65,3.4,NA,4,5.15,NA,NA,3,1.65,NA,NA,NA,NA,NA,NA,NA,NA,NA,NA,NA
Typhlonectidae,Chthonerpeton,Chthonerpeton noctinectes,M,312.6666667,NA,NA,NA,NA,NA,NA,98.33333333,NA,NA,NA,NA,9.933333333,9.533333333,NA,NA,13.63333333,7.366666667,3.766666667,NA,4.7,5.8,NA,NA,3.3,1.966666667,NA,NA,NA,NA,NA,NA,NA,NA,NA,NA,NA
Typhlonectidae,Chthonerpeton,Chthonerpeton perissodus,M,259,NA,NA,NA,NA,NA,NA,100,NA,NA,NA,NA,11,8.1,NA,NA,10,NA,3.1,NA,3.2,4.2,NA,NA,2,1.7,NA,NA,NA,NA,NA,NA,NA,NA,NA,NA,NA
Typhlonectidae,Chthonerpeton,Chthonerpeton perissodus,F,207,NA,NA,NA,NA,NA,NA,95,NA,NA,NA,NA,9.3,6.8,NA,NA,8,NA,2.4,NA,2.8,3.7,NA,NA,1.7,1.4,NA,NA,NA,NA,NA,NA,NA,NA,NA,NA,NA
Typhlonectidae,Chthonerpeton,Chthonerpeton tremembe,M,253.5,NA,NA,NA,NA,NA,NA,96.75,NA,NA,NA,NA,11.125,7.975,NA,NA,10.175,6.275,2.925,NA,3.35,4.125,NA,4.4,2.075,1.175,NA,NA,6.05,NA,NA,NA,NA,NA,NA,NA,NA
Scolecomorphidae,Crotaphatrema,Crotaphatrema bornmuelleri,M,277,NA,NA,2,NA,NA,NA,107,NA,NA,NA,NA,10.5,6.3,NA,NA,10,NA,1.7,NA,NA,NA,NA,NA,NA,1.3,NA,NA,NA,NA,NA,NA,NA,NA,NA,NA,NA
Scolecomorphidae,Crotaphatrema,Crotaphatrema lamottei,M,318,NA,NA,1.9,NA,NA,NA,128,NA,NA,NA,NA,9.5,5.9,NA,NA,10,NA,1.1,NA,NA,NA,NA,NA,NA,1.3,NA,NA,NA,NA,NA,NA,NA,NA,NA,NA,NA
Scolecomorphidae,Crotaphatrema,Crotaphatrema lamottei,F,224,NA,NA,1.8,NA,NA,NA,115,NA,NA,NA,NA,8.1,5.8,NA,NA,8,NA,1.5,NA,NA,NA,NA,NA,NA,1,NA,NA,NA,NA,NA,NA,NA,NA,NA,NA,NA
Scolecomorphidae,Crotaphatrema,Crotaphatrema tchabalmbaboensis,F,338,NA,NA,2.3,NA,NA,NA,128,NA,NA,NA,NA,11,6.8,NA,NA,9.6,NA,2,NA,NA,NA,NA,NA,NA,1,NA,NA,NA,NA,NA,NA,NA,NA,NA,NA,NA
Dermophiidae,Dermophis,Dermophis mexicanus,NA,406,NA,NA,NA,NA,NA,NA,107,NA,NA,NA,NA,NA,14,NA,NA,21,NA,NA,NA,NA,NA,NA,NA,NA,NA,NA,NA,NA,NA,NA,NA,NA,NA,NA,NA,NA
Grandisoniidae,Gegeneophis,Gegeneophis carnosus,NA,278,NA,NA,NA,9.2,11.2,14.8,115,NA,NA,NA,NA,NA,7.2,NA,NA,9,NA,NA,NA,NA,NA,NA,NA,NA,1.6,NA,NA,NA,NA,NA,NA,NA,NA,NA,NA,NA
Grandisoniidae,Gegeneophis,Gegeneophis danieli,F,193,NA,NA,3.4,7.7,NA,NA,NA,NA,NA,NA,NA,NA,4.7,4.9,NA,NA,NA,NA,NA,2.8,3.1,NA,3.4,NA,NA,NA,2.3,3.8,2.6,NA,5.9,5.3,NA,NA,NA,NA
Grandisoniidae,Gegeneophis,Gegeneophis goaensis,M,220,NA,NA,NA,5.8,6.2,8.2,126,NA,NA,NA,NA,4,3.5,NA,3.8,NA,3.2,1,NA,NA,NA,0.5,3,NA,1,2,1.6,NA,NA,NA,NA,NA,1.2,1.8,NA,NA
Grandisoniidae,Gegeneophis,Gegeneophis goaensis,F,185,NA,NA,NA,4.9,6.1,8,125,NA,NA,NA,NA,3.7,3.4,NA,3.6,NA,3,1,NA,NA,NA,0.4,2.5,NA,0.8,2.1,1.4,NA,NA,NA,NA,NA,1.2,2,NA,NA
Grandisoniidae,Gegeneophis,Gegeneophis krishni,NA,195,NA,NA,NA,5,6.3,8.3,140,NA,NA,NA,NA,NA,3.2,NA,NA,3.5,NA,NA,NA,NA,NA,NA,NA,NA,0.5,NA,NA,NA,NA,NA,NA,NA,NA,NA,NA,NA
Grandisoniidae,Gegeneophis,Gegeneophis madhavai,M,237,NA,NA,NA,8.3,10.4,13.1,96.5,NA,NA,NA,NA,6.8,6.1,NA,8.65,11.45,8.3,1.9,NA,NA,NA,0.9,3.75,NA,1.4,3.9,2.65,NA,NA,NA,6.55,5.5,2.1,2.7,NA,NA
Grandisoniidae,Gegeneophis,Gegeneophis mhadeiensis,NA,189,NA,NA,NA,5.166666667,6.466666667,8.1,119.3333333,NA,NA,NA,NA,4,3.333333333,NA,3.6,4.266666667,2.533333333,0.933333333,NA,NA,NA,0.6,2.5,NA,1.066666667,2.133333333,1.866666667,NA,NA,NA,NA,3.233333333,1.5,2.066666667,NA,NA
Grandisoniidae,Gegeneophis,Gegeneophis orientalis,M,192,1.416666667,NA,NA,7.242857143,NA,NA,104.7142857,NA,NA,NA,NA,NA,4.714285714,NA,NA,5.885714286,NA,1.242857143,NA,NA,NA,NA,2.757142857,NA,1.4,NA,2.157142857,NA,NA,NA,5.157142857,NA,NA,NA,NA,NA
Grandisoniidae,Gegeneophis,Gegeneophis orientalis,F,193,1.45,NA,NA,6.6,NA,NA,105.5,NA,NA,NA,NA,NA,4.05,NA,NA,5.25,NA,1.1,NA,NA,NA,NA,2.45,NA,1.35,NA,2.1,NA,NA,NA,4.65,NA,NA,NA,NA,NA
Grandisoniidae,Gegeneophis,Gegeneophis ramaswamii,NA,340,NA,NA,NA,11,14,18,114,NA,NA,NA,NA,NA,11,NA,NA,10,NA,NA,NA,NA,NA,NA,NA,NA,1.7,NA,NA,NA,NA,NA,NA,NA,NA,NA,NA,NA
Grandisoniidae,Gegeneophis,Gegeneophis tejaswini,M,190.2,NA,NA,NA,5.54,NA,NA,128,NA,NA,NA,NA,NA,4.2,3.62,NA,4.36,2.92,1.34,NA,NA,NA,NA,2.28,NA,0.78,2.72,1.72,NA,NA,3.78,4.34,NA,1.5,1.98,NA,NA
Grandisoniidae,Gegeneophis,Gegeneophis tejaswini,F,174.6666667,NA,NA,NA,5.133333333,NA,NA,127,NA,NA,NA,NA,NA,3.733333333,3.233333333,NA,4.1,2.7,1.333333333,NA,NA,NA,NA,2.266666667,NA,0.7,2.3,1.566666667,NA,NA,3.1,3.666666667,NA,1.2,1.833333333,NA,NA
Grandisoniidae,Hypogeophis,Hypogeophis brevis,F,100.5,1.222222222,NA,NA,4.005,NA,NA,65.1,NA,NA,NA,NA,NA,2.7,NA,NA,5.126315789,NA,0.635,NA,1.73,1.555,NA,1.08,1.45,0.275,NA,NA,NA,NA,NA,NA,NA,1.22,1.595,NA,NA
Grandisoniidae,Hypogeophis,Hypogeophis brevis,M,98.8,1.14,NA,NA,3.827272727,NA,NA,65.72727273,NA,NA,NA,NA,NA,2.636363636,NA,NA,4.418181818,NA,0.609090909,NA,1.654545455,1.481818182,NA,1.018181818,1.363636364,0.263636364,NA,NA,NA,NA,NA,NA,NA,1.136363636,1.490909091,NA,NA
Grandisoniidae,Hypogeophis,Hypogeophis montanus,M,97.16666667,1.1,NA,NA,3.65,NA,NA,69.83333333,NA,NA,NA,NA,NA,2.383333333,NA,NA,4.416666667,NA,0.7,NA,1.483333333,1.316666667,NA,1.066666667,1.2,0.4,NA,NA,NA,NA,NA,NA,NA,1.033333333,1.333333333,NA,NA
Grandisoniidae,Hypogeophis,Hypogeophis pti,M,82.33333333,1.05,NA,NA,3.966666667,NA,NA,62.16666667,NA,NA,NA,NA,NA,2.683333333,NA,NA,4.516666667,NA,0.583333333,NA,1.65,1.466666667,NA,1.233333333,0.95,0.683333333,NA,NA,NA,NA,NA,NA,NA,1.15,1.433333333,NA,NA
Grandisoniidae,Hypogeophis,Hypogeophis pti,F,88,1.066666667,NA,NA,4.066666667,NA,NA,62.16666667,NA,NA,NA,NA,NA,2.583333333,NA,NA,4.883333333,NA,0.55,NA,1.683333333,1.433333333,NA,1.183333333,0.916666667,0.733333333,NA,NA,NA,NA,NA,NA,NA,1.133333333,1.333333333,NA,NA
Ichthyophiidae,Ichthyophis,Ichthyophis acuminatus,M,294,3.9,NA,5.8,14.6,NA,NA,NA,302,NA,NA,NA,NA,9.8,NA,10.6,13.7,5.4,2.6,0.7,4.8,6,NA,7.2,1.3,3.1,NA,NA,NA,NA,NA,10.6,9.3,NA,NA,NA,6
Ichthyophiidae,Ichthyophis,Ichthyophis acuminatus,F,205.6666667,2.933333333,NA,NA,9.333333333,NA,NA,NA,298.5,NA,NA,NA,NA,6.633333333,NA,7.433333333,9.866666667,4.6,1.266666667,NA,3.166666667,4.3,NA,5.033333333,0.766666667,2.033333333,NA,NA,NA,NA,NA,6.266666667,5.733333333,NA,NA,NA,6
Ichthyophiidae,Ichthyophis,Ichthyophis atricollaris,NA,248,4.633333333,NA,NA,10,12.63333333,15.86666667,NA,NA,NA,NA,NA,NA,NA,8.866666667,NA,9.5,NA,NA,NA,NA,NA,NA,NA,1.433333333,2.633333333,NA,NA,NA,NA,NA,NA,NA,NA,NA,NA,NA
Ichthyophiidae,Ichthyophis,Ichthyophis beddomei,NA,247,3.2,NA,4.7,10.3,12.7,14.6,275,NA,7,NA,NA,NA,7.5,NA,NA,12.4,NA,NA,NA,3.5,4.5,NA,NA,1.9,NA,NA,NA,NA,NA,NA,NA,NA,NA,NA,NA,NA
Ichthyophiidae,Ichthyophis,Ichthyophis biangularis,F,241.8333333,3.933333333,3.533333333,7.033333333,10.13333333,11.83333333,14.96666667,317,NA,NA,232,NA,NA,6.666666667,7.4,NA,9.333333333,NA,2.733333333,NA,3.266666667,4.9,NA,5.333333333,1.233333333,2.266666667,NA,NA,NA,1.766666667,NA,NA,6.366666667,2.533333333,3.066666667,1.466666667,NA
Ichthyophiidae,Ichthyophis,Ichthyophis cardamomensis,F,264.6,4.3,NA,5.2,9.666666667,NA,NA,339,342,NA,NA,NA,NA,6.933333333,NA,8.4,8.166666667,4.8,2.533333333,0.833333333,4.133333333,5.033333333,NA,5.566666667,1.066666667,3.166666667,NA,NA,NA,NA,NA,8.866666667,8.233333333,NA,NA,NA,4.666666667
Ichthyophiidae,Ichthyophis,Ichthyophis catlocensis,F,183.5,2.1,NA,3.6,7.3,NA,NA,340,342,NA,NA,NA,NA,4.8,NA,5.3,7.1,3.7,2,0.5,2.9,4.3,NA,4.2,0.6,2.7,NA,NA,NA,NA,NA,5.4,5.2,NA,NA,NA,5
Ichthyophiidae,Ichthyophis,Ichthyophis chaloensis,F,215.7,3.7,NA,4.8,9.4,NA,NA,342,344,NA,NA,NA,NA,6.3,NA,6.9,7.6,3.2,1.8,0.3,3.6,4.8,NA,4.7,1.3,2.8,NA,NA,NA,NA,NA,7.2,6.3,NA,NA,NA,3
Ichthyophiidae,Ichthyophis,Ichthyophis davidi,M,323,3.845,NA,6.74,14.175,15.315,21.075,NA,NA,NA,NA,NA,NA,9.735,NA,10.25,14.11,5.08,NA,NA,5.12,NA,1.52,NA,3.575,3.555,NA,4.73,4.29,3.705,9.875,10.12,NA,2.74,3.55,NA,NA
Ichthyophiidae,Ichthyophis,Ichthyophis davidi,F,292.6666667,2.53,NA,6.693333333,12.10333333,14.90666667,17.94666667,NA,NA,NA,NA,NA,NA,7.786666667,NA,8.723333333,11.66333333,4.093333333,NA,NA,5.803333333,NA,1.01,NA,3.043333333,3.073333333,NA,4.163333333,5.706666667,3.96,8.496666667,10.15666667,NA,2.51,3.443333333,NA,NA
Ichthyophiidae,Ichthyophis,Ichthyophis dulitensis,NA,235,5.6,NA,NA,11,13.2,17,313,NA,NA,218.4,NA,NA,NA,8,NA,8,NA,NA,NA,3.4,5.2,NA,NA,1.5,NA,NA,NA,NA,NA,NA,NA,NA,NA,NA,NA,NA
Ichthyophiidae,Ichthyophis,Ichthyophis garoensis,NA,310,4,NA,5.5,13.2,16,19,314,NA,9,NA,NA,NA,8,NA,NA,10.5,NA,NA,NA,5.2,6.5,NA,NA,2.5,4,NA,NA,NA,NA,NA,NA,NA,NA,NA,NA,NA
Ichthyophiidae,Ichthyophis,Ichthyophis glandulosus,M,250,6.2,NA,NA,12.5,NA,NA,273,NA,6,231.3,NA,NA,NA,9.3,NA,11,NA,NA,NA,NA,5.8,NA,NA,1.3,3.5,NA,NA,NA,NA,NA,NA,NA,NA,NA,NA,4
Ichthyophiidae,Ichthyophis,Ichthyophis glandulosus,F,316,5.3,4.4,8.1,13,15.7,21.8,302,NA,4,297.7,NA,NA,9.1,10.4,NA,12.7,NA,3,NA,4.2,6,NA,7.3,2.1,3.7,NA,NA,NA,1.9,NA,NA,7.2,2.9,3.9,2.2,5
Ichthyophiidae,Ichthyophis,Ichthyophis glutinosus,NA,307,5,NA,6.2,13.6,17.4,21,361,NA,8,NA,NA,NA,10,NA,NA,14,NA,NA,NA,5.5,6.5,NA,NA,2.2,3.7,NA,NA,NA,NA,NA,NA,NA,NA,NA,NA,NA
Ichthyophiidae,Ichthyophis,Ichthyophis humphreyi,J,205,5.5,NA,NA,NA,NA,NA,NA,NA,NA,NA,NA,NA,NA,NA,4.2,NA,NA,NA,NA,NA,NA,NA,NA,NA,NA,NA,NA,NA,NA,NA,NA,NA,NA,NA,NA,NA
Ichthyophiidae,Ichthyophis,Ichthyophis khumhzi,M,450,4.833333333,NA,7.5,NA,NA,NA,354.3333333,354,3.333333333,NA,NA,17.15,9.4,10.9,NA,17.63333333,6.333333333,2.45,NA,6.266666667,6.566666667,1.35,7.3,2.033333333,4.533333333,NA,5.866666667,NA,NA,NA,NA,NA,3.466666667,5.4,NA,4.666666667
Ichthyophiidae,Ichthyophis,Ichthyophis kodaguensis,F,263.8,2.04,NA,5.24,11.4,NA,NA,293.8,291.75,NA,NA,NA,NA,7.34,7.86,NA,8.44,3.92,2.08,NA,4.24,5.24,NA,5.28,1.86,2.64,0.3,3.84,4.7,2.88,7.56,8.4,NA,2.92,3.04,NA,NA
Ichthyophiidae,Ichthyophis,Ichthyophis kohtaoensis,M,258.9,2.5,2.833333333,7.85,10.625,13.7,16.73333333,310.5,NA,3.333333333,245.775,NA,NA,6.575,6.966666667,NA,8.85,NA,2.15,NA,3.85,5.35,NA,5.333333333,1.575,3.125,NA,NA,NA,2.566666667,NA,NA,7.166666667,3.075,3.425,1.266666667,4
Ichthyophiidae,Ichthyophis,Ichthyophis lakimi,M,292.5,4.1,4.4,7.8,12.6,13.3,17.5,349,NA,6,275.8,NA,NA,7.6,9.2,NA,9.7,NA,2.9,NA,3.7,5.4,NA,6.1,1.3,2.5,NA,NA,NA,3,NA,NA,6.8,2.7,3.2,2,6
Ichthyophiidae,Ichthyophis,Ichthyophis laosensis,M,318,3.7,NA,6.3,10.9,NA,NA,345,346,NA,NA,NA,NA,9.7,NA,11.4,16.1,6.3,3.2,1,5,7.3,NA,7.5,1.6,4.3,NA,NA,NA,NA,NA,10.8,10.3,NA,NA,NA,3
Ichthyophiidae,Ichthyophis,Ichthyophis longicephalus,NA,192,3.5,NA,5.3,11.1,13.8,15.5,348,NA,8,NA,NA,NA,7.4,NA,NA,8.5,NA,NA,NA,4.4,5.3,NA,NA,1.6,3.3,NA,NA,NA,NA,NA,NA,NA,NA,NA,NA,NA
Ichthyophiidae,Ichthyophis,Ichthyophis mindanaoensis,M,251,2.1,4.2,6.9,12.1,13,17.2,311,NA,4,236.8,NA,NA,9.4,12.3,NA,12.4,NA,2.8,NA,4.3,6.3,NA,7.6,1.9,3.1,NA,NA,NA,2.6,NA,NA,6,3.6,4.9,1.6,6
Ichthyophiidae,Ichthyophis,Ichthyophis monochrous,J,197.64,4.81,3.14,6.09,9.05,11.62857143,14.83,321.3,NA,5.4,197.5,NA,NA,7.37,8.43,NA,9.1,NA,2.35,NA,2.87,4.14,NA,NA,NA,NA,NA,NA,NA,1.79,NA,NA,4.82,3.185714286,3.714285714,1.77,4.2
Ichthyophiidae,Ichthyophis,Ichthyophis moustakius,M,199.5,3.35,NA,4.9,NA,NA,NA,277,282,5.5,NA,NA,10.45,6.25,7.05,NA,9.1,4.55,1.5,NA,3.85,4.65,0.85,4.85,1.25,2.8,NA,3.8,NA,NA,NA,NA,NA,2.4,2.7,NA,4
Ichthyophiidae,Ichthyophis,Ichthyophis moustakius,F,244.5,3.566666667,NA,5.183333333,NA,NA,NA,251.8333333,254.6666667,4.5,NA,NA,11.21666667,7.05,8.15,NA,11.51666667,5.833333333,1.783333333,NA,4.033333333,4.88,0.983333333,4.966666667,1.45,2.9,NA,3.933333333,NA,NA,NA,NA,NA,2.583333333,2.916666667,NA,4.333333333
Ichthyophiidae,Ichthyophis,Ichthyophis multicolor,F,268.6666667,NA,NA,5.1,10.7,NA,NA,363.9166667,NA,NA,NA,NA,NA,7.4,NA,8.108333333,10.39166667,5.35,1.927272727,NA,4.05,5.016666667,NA,5.441666667,1.4,3.033333333,NA,NA,NA,NA,NA,0.908333333,NA,2.541666667,3.108333333,NA,NA
Ichthyophiidae,Ichthyophis,Ichthyophis multicolor,M,180.5,NA,NA,4.2,8.8,NA,NA,367.5,NA,NA,NA,NA,NA,5.9,NA,6.5,6.95,3.55,1.75,NA,3.3,4.1,NA,4.4,1.15,2.45,NA,NA,NA,NA,NA,0.8,NA,2.05,2.3,NA,NA
Ichthyophiidae,Ichthyophis,Ichthyophis nguyenorum,F,276.6666667,2.833333333,3.8,8.7,11.76666667,14.23333333,18.53333333,314.3333333,NA,3.333333333,262.0666667,NA,NA,7.733333333,8.833333333,NA,11.76666667,NA,2.466666667,NA,4.533333333,5.666666667,NA,6,2.033333333,3.333333333,NA,NA,NA,3.166666667,NA,NA,8.2,3.233333333,4.066666667,1.133333333,4
Ichthyophiidae,Ichthyophis,Ichthyophis pauli,M,331.5,4.7,4,10,13.7,15.4,19.7,335,NA,6,310,NA,NA,10,11,NA,11.4,NA,3.3,NA,5,6.4,NA,7.5,1.5,3.8,NA,NA,NA,2.9,NA,9.2,NA,2.9,4.6,2.1,4
Ichthyophiidae,Ichthyophis,Ichthyophis sendenyu,M,305,5.3,NA,6.5,NA,NA,NA,304,308,6,NA,NA,14,9,9.4,NA,12,6,2.4,NA,4.9,6,1.3,6.7,2,3.5,NA,4.9,NA,NA,NA,NA,NA,3.8,3.6,NA,5
Ichthyophiidae,Ichthyophis,Ichthyophis sendenyu,F,285.25,4.575,NA,5.95,NA,NA,NA,292.25,295,5.5,NA,NA,12.55,8.7,9.225,NA,12.225,6.425,2.125,NA,4.575,5.775,1.2,6.5,1.775,3.225,NA,4.7,NA,NA,NA,NA,NA,3.325,3.525,NA,7
Ichthyophiidae,Ichthyophis,Ichthyophis sikkimensis,NA,320,3.7,NA,5.9,12.5,14.3,18.5,288,NA,7,NA,NA,NA,8,NA,NA,11,NA,NA,NA,4.2,6,NA,NA,1.7,3.2,NA,NA,NA,NA,NA,NA,NA,NA,NA,NA,NA
Ichthyophiidae,Ichthyophis,Ichthyophis supachaii,M,255.2,2.333333333,3.8,7.766666667,10.46666667,13.7,15.7,306,NA,5,242.4,NA,NA,7.066666667,7,NA,9.1,NA,2.5,NA,4,5.133333333,NA,4.8,1.7,2.7,NA,NA,NA,2.7,NA,NA,6.7,3.333333333,3.6,1.6,4
Ichthyophiidae,Ichthyophis,Ichthyophis tricolor,NA,325,3,NA,6,13.7,16.1,20,284,NA,7,NA,NA,NA,9.7,NA,NA,14,NA,NA,NA,4.6,6,NA,NA,2.2,3,NA,NA,NA,NA,NA,NA,NA,NA,NA,NA,NA
Ichthyophiidae,Ichthyophis,Ichthyophis youngorum,M,212.5,3,NA,NA,10.4,NA,NA,NA,323,NA,NA,NA,NA,7.45,NA,8.05,10.85,5.25,2.3,NA,3.7,4.65,NA,5.4,1.05,2.6,NA,NA,NA,NA,NA,7.45,6.8,NA,NA,NA,5.5
Grandisoniidae,Indotyphlus,Indotyphlus battersbyi,F,215,1.25,NA,NA,NA,NA,NA,135.5,NA,NA,NA,NA,6.075,3.25,3.45,NA,3.9,2.275,1.375,NA,2.5,2.4,NA,2.4,0.8,1.55,2.675,2.225,NA,NA,4,4.675,NA,1.425,2.175,NA,NA
Grandisoniidae,Indotyphlus,Indotyphlus battersbyi,M,189,0.95,NA,NA,NA,NA,NA,137,NA,NA,NA,NA,5.475,3.1,3.1,NA,3.725,2.325,1.225,NA,2,2.2,NA,2.3,0.5,1.55,2.3,2.05,NA,NA,3.833333333,4.1,NA,1.225,2,NA,NA
Grandisoniidae,Indotyphlus,Indotyphlus maharashtraensis,F,143.375,1.4,NA,NA,NA,NA,NA,130.125,NA,NA,NA,NA,4.675,2.7,2.9625,NA,3.325,2.2125,1.125,NA,1.657142857,1.8,NA,1.95,0.485714286,1.1625,1.925,1.7375,NA,NA,3.0625,3.7125,NA,1.375,1.775,NA,NA
Grandisoniidae,Indotyphlus,Indotyphlus maharashtraensis,M,133.5,1.525,NA,NA,NA,NA,NA,126,NA,NA,NA,NA,4.975,2.675,2.8,NA,2.85,2.4,1.075,NA,1.725,1.85,NA,1.925,0.425,1.3,1.975,1.8,NA,NA,3.225,3.9,NA,1.3,1.7,NA,NA
Siphonopidae,Luetkenotyphlus,Luetkenotyphlus fredi,J,206,NA,NA,NA,6,NA,NA,151,NA,NA,NA,NA,NA,3.3,4.1,NA,4.5,2.1,1.5,NA,2.2,3,NA,3.2,0.6,1.8,0.4,NA,NA,1.8,NA,NA,NA,NA,NA,NA,NA
Siphonopidae,Luetkenotyphlus,Luetkenotyphlus fredi,M,353,NA,NA,NA,7.666666667,NA,NA,151.3333333,NA,NA,NA,NA,NA,3.9,4.9,NA,5.35,3.533333333,1.533333333,NA,3.166666667,3.466666667,NA,3.9,0.633333333,2.533333333,0.466666667,NA,NA,2.5,NA,NA,NA,NA,NA,NA,NA
Siphonopidae,Luetkenotyphlus,Luetkenotyphlus insulanus,F,152,NA,NA,NA,5,NA,NA,109,NA,NA,NA,NA,NA,2.7,3.3,NA,3.6,2.8,1.2,NA,2,2.4,NA,2.9,0.5,1.8,0.5,NA,NA,1.3,NA,NA,NA,NA,NA,NA,NA
Siphonopidae,Microcaecilia,Microcaecilia butantan,F,159,1,NA,NA,4.5,NA,NA,157,NA,NA,NA,NA,NA,NA,NA,3.2,4,2.4,1.2,NA,NA,NA,NA,2.6,NA,1.8,0.5,NA,1.3,NA,3,3.5,NA,1.3,1.5,NA,NA
Siphonopidae,Microcaecilia,Microcaecilia butantan,M,200.3333333,1.3,NA,NA,5.166666667,NA,NA,143.6666667,NA,NA,NA,NA,NA,NA,NA,3.3,3.833333333,2.8,1.2,NA,NA,NA,NA,2.866666667,NA,2.033333333,0.4,NA,1.7,NA,3.766666667,4.233333333,NA,1.566666667,1.9,NA,NA
Siphonopidae,Microcaecilia,Microcaecilia dermatophaga,M,153.8,1.36,NA,NA,5.475,NA,NA,109.4,NA,NA,NA,NA,NA,3.66,3.86,NA,4.28,NA,1.375,NA,NA,NA,NA,3.325,NA,2.1,0.42,NA,1.34,NA,NA,4.15,NA,1.74,1.94,NA,NA
Siphonopidae,Microcaecilia,Microcaecilia dermatophaga,F,156,1.2,NA,NA,4.8,NA,NA,109,NA,NA,NA,NA,NA,3.4,3.8,NA,4.1,NA,1.4,NA,NA,NA,NA,3,NA,1.7,0.4,NA,1.3,NA,NA,3.7,NA,1.6,1.8,NA,NA
Siphonopidae,Microcaecilia,Microcaecilia grandis,M,318,2.2,NA,NA,10.4,NA,NA,121,NA,NA,NA,NA,NA,6.8,7.1,NA,12.2,NA,2.5,NA,NA,NA,NA,6.1,NA,4.1,0.6,NA,3.5,NA,7.4,8.3,NA,NA,NA,NA,NA
Siphonopidae,Microcaecilia,Microcaecilia iwokramae,NA,112,NA,NA,NA,NA,NA,NA,102,NA,NA,NA,NA,4.8,2.9,NA,NA,3.5,NA,NA,NA,NA,NA,NA,NA,NA,NA,NA,NA,NA,NA,NA,NA,NA,NA,NA,NA,NA
Siphonopidae,Microcaecilia,Microcaecilia iyob,M,172,1,NA,NA,6.2,NA,NA,97,NA,NA,NA,NA,NA,4.1,4.4,NA,5.3,NA,1.4,NA,NA,NA,NA,3.5,NA,2.5,0.4,NA,1.7,NA,NA,4.2,NA,1.9,2.4,NA,NA
Siphonopidae,Microcaecilia,Microcaecilia marvaleewakeae,M,213,NA,NA,NA,NA,NA,NA,133,NA,NA,NA,NA,5.1,3.6,NA,NA,4.1,2.5,1.4,NA,NA,NA,NA,3.1,NA,2.2,0.5,NA,1.9,NA,NA,NA,NA,NA,NA,NA,NA
Siphonopidae,Microcaecilia,Microcaecilia marvaleewakeae,F,190,NA,NA,NA,NA,NA,NA,131,NA,NA,NA,NA,5.1,3.5,NA,NA,4.2,2.5,1.3,NA,NA,NA,NA,3.2,NA,2.1,0.3,NA,1.4,NA,NA,NA,NA,NA,NA,NA,NA
Siphonopidae,Microcaecilia,Microcaecilia rochai,NA,183,NA,NA,NA,NA,NA,NA,125.5,NA,NA,NA,NA,5.4,3.9,NA,4,4.4,1.9,1.2,NA,NA,NA,NA,3.3,NA,1.9,0.3,NA,NA,NA,NA,NA,NA,NA,NA,NA,2.7
Siphonopidae,Microcaecilia,Microcaecilia taylori,NA,169.7,NA,NA,NA,NA,NA,NA,123,NA,NA,NA,NA,5.3,3.7,NA,3.8,4.2,2.2,1.2,NA,NA,NA,NA,3,NA,1.8,0.3,NA,NA,NA,NA,NA,NA,NA,NA,NA,1.9
Siphonopidae,Microcaecilia,Microcaecilia unicolor,F,190,1.1,NA,NA,5.4,NA,NA,107,NA,NA,NA,NA,NA,3.3,3.6,NA,5.4,NA,1.1,NA,NA,NA,NA,2.9,NA,1.9,0.5,NA,2,NA,4,4.3,NA,NA,NA,NA,NA
Siphonopidae,Mimosiphonops,Mimosiphonops reinhardti,M,NA,NA,NA,NA,10.2,NA,NA,74,NA,NA,NA,NA,7.3,6.1,6.7,NA,10.3,NA,2.4,NA,2.9,5.2,NA,NA,1.8,1.1,0.8,NA,NA,NA,NA,NA,NA,NA,NA,NA,NA
Siphonopidae,Mimosiphonops,Mimosiphonops vermiculatus,F,NA,NA,NA,NA,8.3,NA,NA,87.5,NA,NA,NA,NA,6.8,5.7,6.15,NA,7.4,NA,2.45,NA,2.55,4.4,NA,NA,1.65,1.1,0.45,NA,NA,NA,NA,NA,NA,NA,NA,NA,NA
Caeciliidae,Oscaecilia,Oscaecilia bassleri,NA,865,NA,NA,NA,NA,NA,NA,254,NA,NA,NA,NA,NA,NA,7.7,6.8,NA,NA,NA,NA,NA,NA,NA,NA,4,1.1,NA,NA,NA,NA,NA,NA,NA,NA,NA,NA,NA
Caeciliidae,Oscaecilia,Oscaecilia elongata,NA,500,NA,NA,NA,NA,NA,NA,NA,NA,NA,NA,NA,7.9,NA,NA,5.9,6,4,NA,NA,NA,NA,NA,NA,NA,NA,NA,NA,NA,NA,NA,NA,NA,NA,NA,NA,NA
Caeciliidae,Oscaecilia,Oscaecilia equatorialis,NA,432,NA,NA,NA,7.7,9.5,11.9,180,NA,NA,NA,NA,NA,NA,5.8,5,NA,NA,NA,NA,NA,NA,NA,NA,2.5,1,NA,NA,NA,NA,NA,NA,NA,NA,NA,NA,NA
Caeciliidae,Oscaecilia,Oscaecilia hypereumeces,J,385,NA,NA,NA,NA,NA,NA,208,NA,NA,NA,NA,7.5,4.5,NA,NA,5,4.6,2,NA,NA,NA,NA,NA,NA,1,NA,NA,NA,NA,NA,NA,NA,NA,NA,NA,NA
Caeciliidae,Oscaecilia,Oscaecilia koepckeorum,M,495,NA,NA,NA,NA,NA,NA,228,NA,NA,NA,NA,9.5,6.5,NA,NA,8.5,8.2,2.6,NA,NA,NA,NA,NA,NA,1.2,NA,NA,NA,NA,NA,NA,NA,NA,NA,NA,NA
Caeciliidae,Oscaecilia,Oscaecilia ochrocephala,NA,410,NA,NA,NA,NA,NA,NA,180,NA,NA,NA,NA,NA,NA,NA,NA,NA,NA,NA,NA,NA,NA,NA,NA,NA,NA,NA,NA,NA,NA,NA,NA,NA,NA,NA,NA,NA
Caeciliidae,Oscaecilia,Oscaecilia osae,NA,382,NA,NA,NA,NA,NA,NA,232,NA,NA,NA,NA,6,4.2,NA,NA,4.2,5.1,1.7,NA,NA,NA,NA,NA,2.25,0.81,NA,NA,NA,NA,NA,NA,NA,NA,NA,NA,NA
Typhlonectidae,Potamotyphlus,Potamotyphlus kaupii,NA,247.2,NA,NA,NA,NA,NA,NA,89.5,NA,NA,NA,NA,7.5,5.2,NA,5.7,6.6,3.7,2,NA,2.3,3.6,NA,NA,1.6,0.6,0.9,NA,2.8,NA,NA,NA,NA,NA,NA,NA,NA
Rhinatrematidae,Rhinatrema,Rhinatrema bivittatum,M,166.2,1.7,2.2,NA,NA,NA,NA,341.2,NA,4.2,NA,NA,8.3,5.1,NA,5.1,6.2,2.7,1.4,NA,2.6,3.9,0.7,NA,NA,2.7,NA,NA,NA,2.6,NA,NA,NA,NA,NA,NA,NA
Rhinatrematidae,Rhinatrema,Rhinatrema bivittatum,F,199.4,2.4,2.3,NA,NA,NA,NA,345.6,NA,5.4,NA,NA,8.6,5.6,NA,5.8,7.6,3,1.4,NA,2.6,3.7,0.7,NA,NA,2.7,NA,NA,NA,2.9,NA,NA,NA,NA,NA,NA,NA
Rhinatrematidae,Rhinatrema,Rhinatrema gilbertogili,NA,183,2.1,NA,NA,8.5,NA,NA,270,292,4,NA,174,NA,5.7,NA,NA,7.3,3.7,1.4,NA,2.7,3.3,NA,NA,NA,NA,NA,NA,NA,3.1,NA,NA,NA,3.2,NA,NA,5
Rhinatrematidae,Rhinatrema,Rhinatrema ron,F,209.8,2.3,3.4,NA,NA,NA,NA,295.4,NA,4,NA,NA,9,6.2,NA,6.7,8.8,4.7,1.5,NA,2.8,3.5,0.8,NA,NA,2.7,NA,NA,NA,3.3,NA,NA,NA,NA,NA,NA,NA
Rhinatrematidae,Rhinatrema,Rhinatrema ron,M,171.6,2.1,2.7,NA,NA,NA,NA,298,NA,4.2,NA,NA,7.8,5.3,NA,5.5,6.9,3.5,1.4,NA,2.5,3.3,0.7,NA,NA,2.4,NA,NA,NA,2.6,NA,NA,NA,NA,NA,NA,NA
Rhinatrematidae,Rhinatrema,Rhinatrema shiv,NA,152.2,2.64,NA,2.74,6.5,NA,NA,340.2,NA,7.9,NA,NA,NA,4.16,4.58,NA,5.72,3.12,1.04,NA,2.24,2.64,NA,NA,NA,NA,NA,NA,NA,1.84,NA,4.76,NA,NA,NA,NA,NA
Rhinatrematidae,Rhinatrema,Rhinatrema shiv,NA,156.75,2.775,NA,2.75,7.1,NA,NA,369.25,NA,8,NA,NA,NA,4.15,4.675,NA,5.125,2.775,1,NA,2.3,2.55,NA,NA,NA,NA,NA,NA,NA,2.15,NA,5.025,NA,NA,NA,NA,NA
Rhinatrematidae,Rhinatrema,Rhinatrema uaiuai,NA,151,3.5,NA,NA,8.4,NA,NA,338,333,8,NA,146.3,NA,5.4,NA,NA,6.6,3.3,1.3,NA,2.8,3.2,NA,NA,NA,NA,NA,NA,NA,3,NA,NA,NA,2.7,NA,NA,5
Typhlonectidae,Typhlonectes,Typhlonectes compressicauda,NA,278.2,NA,NA,NA,NA,NA,NA,84.2,NA,NA,NA,NA,12.3,8.8,NA,10.3,10.6,5.4,3.7,NA,3.9,6.1,NA,5.3,3.2,0.5,1.8,NA,6,NA,NA,NA,NA,NA,NA,NA,NA
Ichthyophiidae,Uraeotyphlus,Uraeotyphlus bombayensis,NA,422,13,NA,9.5,19.5,25,30.5,402,NA,17,NA,NA,NA,12,NA,NA,14,NA,NA,NA,7.2,9.5,NA,NA,3,5.5,NA,NA,NA,NA,NA,NA,NA,NA,NA,NA,NA
Ichthyophiidae,Uraeotyphlus,Uraeotyphlus gansi,M,206.8,2.49,NA,4.2,NA,NA,NA,256.4,NA,6,NA,NA,6.01,5.16,5.94,NA,7.67,NA,1.83,NA,2.86,3.25,NA,2.3,3.09,0.89,0.822222222,1.544444444,4.77,1.92,4.87,NA,NA,NA,NA,NA,4
Ichthyophiidae,Uraeotyphlus,Uraeotyphlus gansi,F,196.0909091,2.472727273,NA,3.88,NA,NA,NA,252.9090909,NA,NA,NA,NA,5.581818182,4.754545455,5.672727273,NA,7.454545455,NA,1.7,NA,2.581818182,3,NA,2.209090909,2.854545455,0.836363636,0.84,1.49,4.518181818,1.818181818,4.627272727,NA,NA,NA,NA,NA,NA
Ichthyophiidae,Uraeotyphlus,Uraeotyphlus interruptus,NA,173,4,NA,4.2,8.2,10,12.2,162,NA,7,NA,NA,NA,6,NA,NA,9,NA,NA,NA,2.7,4,NA,NA,2.7,1.2,NA,NA,NA,NA,NA,NA,NA,NA,NA,NA,NA
Ichthyophiidae,Uraeotyphlus,Uraeotyphlus malabaricus,NA,545,17.5,NA,8.7,20,25.3,30.5,380,NA,17,NA,NA,NA,16.5,NA,NA,21,NA,NA,NA,6.8,10,NA,NA,3.5,5,NA,NA,NA,NA,NA,NA,NA,NA,NA,NA,NA
Ichthyophiidae,Uraeotyphlus,Uraeotyphlus menoni,NA,248,4,NA,4.5,10,12.3,14.8,194,NA,7,NA,NA,NA,6.5,NA,NA,10.4,NA,NA,NA,3.5,4.4,NA,NA,3.7,1.4,NA,NA,NA,NA,NA,NA,NA,NA,NA,NA,NA
Ichthyophiidae,Uraeotyphlus,Uraeotyphlus narayani,NA,192,3.8,NA,4,8,10.5,12.4,173,NA,5,NA,NA,NA,5.8,NA,NA,9.5,NA,NA,NA,2.8,3.5,NA,NA,3,1,NA,NA,NA,NA,NA,NA,NA,NA,NA,NA,NA
Ichthyophiidae,Uraeotyphlus,Uraeotyphlus oommeni,NA,164,2.6,NA,3.2,6.6,NA,NA,207,NA,NA,NA,NA,NA,3.2,4.4,NA,7,NA,1.2,NA,2.2,2.4,NA,1.3,2.6,0.7,NA,1.1,3.8,1.2,3.5,4.3,3.4,NA,NA,NA,5
Ichthyophiidae,Uraeotyphlus,Uraeotyphlus oxyurus,NA,248,3.5,NA,4.3,9,11.5,14.5,221,NA,7,NA,NA,NA,5.2,NA,NA,7.5,NA,NA,NA,3.3,3.8,NA,NA,3.2,0.5,NA,NA,NA,NA,NA,NA,NA,NA,NA,NA,NA
